,player-1,player-2,player-3,combined_avg,sum_of_individual
0,WB Rankin,Simi Singh,GC Wilson,34.8,33.269999999999996
1,WB Rankin,GC Wilson,J Anderson,44.666666666666664,44.06
2,SW Poynter,WB Rankin,GC Wilson,38.8,32.51
3,WB Rankin,AR McBrine,GC Wilson,43.6,31.08
4,WB Rankin,GC Wilson,PKD Chase,24.666666666666668,21.830000000000002
5,WB Rankin,GC Wilson,PR Stirling,60.4375,59.1
6,WB Rankin,A Balbirnie,JA McCollum,58.5,54.92999999999999
7,WB Rankin,PR Stirling,JA McCollum,91.25,62.89
8,WB Rankin,WTS Porterfield,JA McCollum,52.125,48.239999999999995
9,LJ Tucker,WB Rankin,Simi Singh,42.5,31.32
10,LJ Tucker,WB Rankin,A Balbirnie,52.666666666666664,49.19
11,LJ Tucker,WB Rankin,BJ McCarthy,38.0,24.19
12,LJ Tucker,WB Rankin,TJ Murtagh,28.5,20.92
13,LJ Tucker,WB Rankin,GH Dockrell,36.0,30.44
14,LJ Tucker,WB Rankin,JB Little,21.0,19.44
15,LJ Tucker,WB Rankin,AR McBrine,30.0,29.130000000000003
16,LJ Tucker,WB Rankin,MR Adair,40.666666666666664,30.400000000000002
17,LJ Tucker,WB Rankin,PR Stirling,66.33333333333333,57.150000000000006
18,LJ Tucker,WB Rankin,GJ Delany,39.5,31.340000000000003
19,LJ Tucker,WB Rankin,WTS Porterfield,47.0,42.5
20,WB Rankin,Simi Singh,A Balbirnie,53.36363636363637,47.75
21,BJ McCarthy,WB Rankin,Simi Singh,27.5,22.75
22,WB Rankin,Simi Singh,GH Dockrell,34.0,29.0
23,WB Rankin,Simi Singh,PKD Chase,26.0,18.44
24,MR Adair,WB Rankin,Simi Singh,47.5,28.96
25,WB Rankin,Simi Singh,GJ Delany,43.0,29.9
26,BJ McCarthy,WB Rankin,J Anderson,40.333333333333336,33.540000000000006
27,WB Rankin,TJ Murtagh,J Anderson,37.0,30.270000000000003
28,WB Rankin,SW Poynter,J Anderson,67.66666666666667,39.91
29,WB Rankin,AR McBrine,J Anderson,131.0,38.480000000000004
30,WB Rankin,KJ O'Brien,J Anderson,66.33333333333333,49.06
31,WB Rankin,WTS Porterfield,J Anderson,66.66666666666667,51.85
32,WB Rankin,A Balbirnie,TJ Murtagh,40.26315789473684,37.349999999999994
33,WB Rankin,A Balbirnie,J Cameron-Dow,76.33333333333333,36.699999999999996
34,WB Rankin,A Balbirnie,SW Poynter,51.166666666666664,46.989999999999995
35,WB Rankin,A Balbirnie,GH Dockrell,57.45454545454545,46.87
36,WB Rankin,A Balbirnie,JB Little,66.0,35.87
37,WB Rankin,A Balbirnie,PKD Chase,47.0,36.309999999999995
38,MR Adair,WB Rankin,A Balbirnie,52.0,46.83
39,WB Rankin,A Balbirnie,PR Stirling,83.45454545454545,73.58
40,BJ McCarthy,WB Rankin,SW Poynter,30.0,21.990000000000002
41,BJ McCarthy,WB Rankin,AR McBrine,43.285714285714285,20.560000000000002
42,BJ McCarthy,WB Rankin,MR Adair,31.25,21.830000000000002
43,BJ McCarthy,WB Rankin,PR Stirling,66.54545454545455,48.58
44,BJ McCarthy,WB Rankin,GJ Delany,38.5,22.770000000000003
45,BJ McCarthy,WB Rankin,WTS Porterfield,35.90909090909091,33.93
46,SW Poynter,WB Rankin,TJ Murtagh,20.555555555555557,18.72
47,WB Rankin,TJ Murtagh,GH Dockrell,19.7,18.6
48,WB Rankin,TJ Murtagh,JB Little,13.0,7.6
49,WB Rankin,AR McBrine,TJ Murtagh,18.9375,17.29
50,WB Rankin,TJ Murtagh,PR Stirling,45.36363636363637,45.31
51,WB Rankin,J Cameron-Dow,GH Dockrell,26.0,17.95
52,WB Rankin,J Cameron-Dow,KJ O'Brien,32.0,27.22
53,WB Rankin,AR McBrine,SW Poynter,58.6,26.93
54,WB Rankin,SW Poynter,KJ O'Brien,41.77777777777778,37.51
55,WB Rankin,SW Poynter,PR Stirling,61.333333333333336,54.95
56,WB Rankin,SW Poynter,MC Sorensen,26.0,25.07
57,MR Adair,WB Rankin,GH Dockrell,30.75,28.080000000000002
58,WB Rankin,GH Dockrell,KJ O'Brien,38.90909090909091,37.39
59,WB Rankin,GH Dockrell,PR Stirling,73.63636363636364,54.83
60,WB Rankin,EC Joyce,GH Dockrell,77.0,52.519999999999996
61,MR Adair,WB Rankin,JB Little,27.333333333333332,17.080000000000002
62,WB Rankin,JB Little,KJ O'Brien,28.0,26.39
63,WB Rankin,JB Little,PR Stirling,84.66666666666667,43.83
64,WB Rankin,JB Little,WTS Porterfield,42.666666666666664,29.18
65,WB Rankin,AR McBrine,KJ O'Brien,37.333333333333336,36.08
66,WB Rankin,AR McBrine,GJ Delany,29.5,27.71
67,WB Rankin,AR McBrine,EC Joyce,72.75,51.209999999999994
68,MR Adair,WB Rankin,PR Stirling,75.1,54.790000000000006
69,MR Adair,WB Rankin,GJ Delany,44.5,28.980000000000004
70,MR Adair,WB Rankin,WTS Porterfield,47.6,40.14
71,WB Rankin,KJ O'Brien,PR Stirling,68.32,64.1
72,WB Rankin,KJ O'Brien,GJ Delany,41.0,38.29
73,WB Rankin,MC Sorensen,KJ O'Brien,70.0,34.22
74,WB Rankin,PR Stirling,GJ Delany,62.5,55.73
75,WB Rankin,PR Stirling,WTS Porterfield,68.88,66.89
76,WB Rankin,WTS Porterfield,GJ Delany,45.5,41.08
77,WB Rankin,MC Sorensen,WTS Porterfield,79.0,37.01
78,TJ Murtagh,GC Wilson,SP Terry,28.4,26.15
79,GC Wilson,SP Terry,KJ O'Brien,57.4,44.94
80,EC Joyce,GC Wilson,SP Terry,119.0,60.07
81,BJ McCarthy,SP Terry,J Anderson,52.0,36.82
82,TJ Murtagh,SP Terry,J Anderson,44.0,33.550000000000004
83,KJ O'Brien,SP Terry,J Anderson,62.0,52.34
84,BJ McCarthy,KJ O'Brien,SP Terry,43.0,34.42
85,BJ McCarthy,EC Joyce,SP Terry,101.0,49.55
86,TJ Murtagh,GH Dockrell,SP Terry,34.0,21.880000000000003
87,TJ Murtagh,PKD Chase,SP Terry,12.2,11.32
88,TJ Murtagh,KJ O'Brien,SP Terry,47.0,31.15
89,TJ Murtagh,SP Terry,CA Young,29.0,12.18
90,TJ Murtagh,EC Joyce,SP Terry,98.0,46.279999999999994
91,SW Poynter,SP Terry,KJ O'Brien,51.0,40.79
92,SW Poynter,SP Terry,CA Young,24.0,21.82
93,EC Joyce,SW Poynter,SP Terry,107.66666666666667,55.919999999999995
94,GH Dockrell,SP Terry,KJ O'Brien,52.0,40.67
95,GH Dockrell,SP Terry,CA Young,32.0,21.7
96,AR McBrine,KJ O'Brien,SP Terry,42.333333333333336,39.36
97,AR McBrine,SP Terry,EC Joyce,98.0,54.489999999999995
98,PKD Chase,KJ O'Brien,SP Terry,41.2,30.11
99,PKD Chase,SP Terry,CA Young,16.0,11.14
100,PKD Chase,SP Terry,EC Joyce,97.66666666666667,45.239999999999995
101,KJ O'Brien,SP Terry,CA Young,57.0,30.970000000000002
102,KJ O'Brien,SP Terry,PR Stirling,69.6,67.38
103,EC Joyce,KJ O'Brien,SP Terry,134.33333333333334,65.07000000000001
104,SP Terry,CA Young,PR Stirling,56.0,48.41
105,EC Joyce,SP Terry,PR Stirling,121.66666666666667,82.50999999999999
106,EC Joyce,SP Terry,WTS Porterfield,106.0,67.86
107,JF Mooney,GC Wilson,SR Thompson,43.75,34.269999999999996
108,TJ Murtagh,GC Wilson,SR Thompson,32.5,29.05
109,AR McBrine,GC Wilson,SR Thompson,47.5,37.260000000000005
110,GC Wilson,SR Thompson,KJ O'Brien,48.333333333333336,47.84
111,GC Wilson,SR Thompson,PR Stirling,71.8,65.28
112,GC Wilson,SR Thompson,WTS Porterfield,69.3,50.629999999999995
113,GC Wilson,PR Stirling,JA McCollum,101.25,76.54
114,LJ Tucker,BJ McCarthy,GC Wilson,39.0,37.84
115,LJ Tucker,GC Wilson,KJ O'Brien,58.5,53.36
116,BJ McCarthy,Simi Singh,GC Wilson,39.0,36.400000000000006
117,TJ Murtagh,Simi Singh,GC Wilson,36.166666666666664,33.129999999999995
118,Simi Singh,GC Wilson,AR McBrine,50.0,41.339999999999996
119,Simi Singh,GC Wilson,PKD Chase,44.4,32.089999999999996
120,Simi Singh,GC Wilson,NJ O'Brien,59.0,55.47
121,SW Poynter,GC Wilson,J Anderson,54.0,53.56
122,AR McBrine,GC Wilson,J Anderson,124.0,52.13
123,JF Mooney,A Balbirnie,GC Wilson,59.1,56.22
124,TJ Murtagh,JF Mooney,GC Wilson,50.0,27.95
125,JF Mooney,GC Wilson,GH Dockrell,40.77777777777778,37.47
126,JF Mooney,AR McBrine,GC Wilson,41.166666666666664,36.16
127,JF Mooney,GC Wilson,KJ O'Brien,51.111111111111114,46.739999999999995
128,JF Mooney,GC Wilson,NJ O'Brien,62.77777777777778,50.29
129,JF Mooney,EC Joyce,GC Wilson,70.3,61.86999999999999
130,JF Mooney,GC Wilson,WTS Porterfield,58.2,49.53
131,JF Mooney,GC Wilson,AR Cusack,34.4,33.769999999999996
132,JB Little,A Balbirnie,GC Wilson,69.0,49.519999999999996
133,MR Adair,A Balbirnie,GC Wilson,71.33333333333333,60.480000000000004
134,A Balbirnie,GC Wilson,AR Cusack,64.0,56.81999999999999
135,BJ McCarthy,GH Dockrell,GC Wilson,39.77777777777778,35.519999999999996
136,BJ McCarthy,JB Little,GC Wilson,26.0,24.52
137,BJ McCarthy,AR McBrine,GC Wilson,45.75,34.209999999999994
138,BJ McCarthy,GC Wilson,PKD Chase,27.11111111111111,24.96
139,BJ McCarthy,MR Adair,GC Wilson,44.333333333333336,35.480000000000004
140,BJ McCarthy,GC Wilson,CA Young,47.0,25.82
141,BJ McCarthy,GC Wilson,WTS Porterfield,50.22222222222222,47.58
142,TJ Murtagh,GC Wilson,GH Dockrell,35.13636363636363,32.25
143,TJ Murtagh,GC Wilson,JB Little,24.333333333333332,21.25
144,TJ Murtagh,AR McBrine,GC Wilson,38.61904761904762,30.939999999999998
145,MR Adair,TJ Murtagh,GC Wilson,38.6,32.21
146,TJ Murtagh,GC Wilson,KJ O'Brien,45.645161290322584,41.519999999999996
147,TJ Murtagh,GC Wilson,PR Stirling,59.74285714285714,58.96
148,TJ Murtagh,EC Joyce,GC Wilson,57.3,56.64999999999999
149,SW Poynter,AR McBrine,GC Wilson,69.4,40.58
150,SW Poynter,GC Wilson,KJ O'Brien,53.72727272727273,51.16
151,SW Poynter,EC Joyce,GC Wilson,85.5,66.28999999999999
152,GH Dockrell,GC Wilson,PKD Chase,31.545454545454547,31.21
153,GH Dockrell,GC Wilson,PR Stirling,71.54838709677419,68.48
154,GH Dockrell,GC Wilson,NJ O'Brien,54.63636363636363,54.59
155,GH Dockrell,GC Wilson,WTS Porterfield,59.064516129032256,53.83
156,MR Adair,JB Little,GC Wilson,35.25,30.73
157,JB Little,GC Wilson,KJ O'Brien,50.25,40.04
158,JB Little,GC Wilson,PR Stirling,75.75,57.480000000000004
159,JB Little,GC Wilson,WTS Porterfield,47.25,42.83
160,GC Wilson,KJ O'Brien,J Mulder,70.5,43.54
161,GC Wilson,PR Stirling,J Mulder,69.33333333333333,60.980000000000004
162,GC Wilson,WTS Porterfield,J Mulder,73.33333333333333,46.33
163,AR McBrine,GC Wilson,KJ O'Brien,60.35,49.730000000000004
164,AR McBrine,GC Wilson,PR Stirling,71.95833333333333,67.17
165,AR McBrine,GC Wilson,EC Joyce,79.94444444444444,64.86
166,GC Wilson,PKD Chase,CA Young,24.0,21.51
167,EC Joyce,GC Wilson,PKD Chase,63.5,55.61
168,GC Wilson,PKD Chase,WTS Porterfield,45.294117647058826,43.269999999999996
169,MR Adair,GC Wilson,KJ O'Brien,62.166666666666664,51.0
170,MR Adair,GC Wilson,PR Stirling,92.0,68.44
171,MR Adair,GC Wilson,WTS Porterfield,64.83333333333333,53.79
172,EC Joyce,GC Wilson,KJ O'Brien,77.65217391304348,75.44
173,GC Wilson,KJ O'Brien,WTS Porterfield,65.74358974358974,63.099999999999994
174,GC Wilson,CA Young,AR Cusack,32.0,28.37
175,GC Wilson,PR Stirling,WTS Porterfield,81.38636363636364,80.54
176,GC Wilson,NJ O'Brien,WTS Porterfield,69.21428571428571,66.65
177,GC Wilson,NJ O'Brien,AR Cusack,55.4,50.89
178,GC Wilson,NJ O'Brien,MC Sorensen,58.0,51.42
179,EC Joyce,GC Wilson,WTS Porterfield,82.0,78.23
180,EC Joyce,GC Wilson,AR Cusack,66.0,62.47
181,AR Cusack,GC Wilson,WTS Porterfield,70.2,50.129999999999995
182,JF Mooney,AR McBrine,SR Thompson,30.0,28.69
183,JF Mooney,SR Thompson,CA Young,24.0,20.3
184,JF Mooney,SR Thompson,NJ O'Brien,65.0,42.82
185,JF Mooney,SR Thompson,WTS Porterfield,64.0,42.06
186,A Balbirnie,SR Thompson,PKD Chase,56.0,42.489999999999995
187,A Balbirnie,SR Thompson,NJ O'Brien,69.42857142857143,65.87
188,A Balbirnie,SR Thompson,WTS Porterfield,65.66666666666667,65.11
189,TJ Murtagh,PKD Chase,SR Thompson,17.5,14.22
190,TJ Murtagh,SR Thompson,CA Young,26.0,15.080000000000002
191,TJ Murtagh,SR Thompson,PR Stirling,60.625,51.49
192,TJ Murtagh,SR Thompson,NJ O'Brien,38.5,37.6
193,TJ Murtagh,SR Thompson,WTS Porterfield,41.375,36.84
194,GH Dockrell,SR Thompson,PR Stirling,62.77777777777778,61.010000000000005
195,GH Dockrell,SR Thompson,WTS Porterfield,59.55555555555556,46.36
196,PKD Chase,SR Thompson,J Mulder,25.0,16.240000000000002
197,KJ O'Brien,SR Thompson,J Mulder,55.0,36.07
198,SR Thompson,PR Stirling,J Mulder,58.333333333333336,53.510000000000005
199,SR Thompson,WTS Porterfield,J Mulder,62.333333333333336,38.86
200,AR McBrine,KJ O'Brien,SR Thompson,62.5,42.260000000000005
201,AR McBrine,SR Thompson,CA Young,31.0,23.290000000000003
202,AR McBrine,SR Thompson,PR Stirling,70.5,59.7
203,AR McBrine,SR Thompson,NJ O'Brien,50.75,45.81
204,AR McBrine,SR Thompson,EC Joyce,59.333333333333336,57.39
205,PKD Chase,SR Thompson,PR Stirling,83.5,50.45
206,PKD Chase,SR Thompson,WTS Porterfield,57.5,35.8
207,KJ O'Brien,SR Thompson,WTS Porterfield,77.33333333333333,55.629999999999995
208,NJ O'Brien,SR Thompson,CA Young,69.0,37.42
209,EC Joyce,SR Thompson,CA Young,68.0,49.0
210,SR Thompson,NJ O'Brien,PR Stirling,86.125,73.83000000000001
211,SR Thompson,WTS Porterfield,PR Stirling,92.8,73.07
212,SR Thompson,NJ O'Brien,WTS Porterfield,87.625,59.18000000000001
213,SR Thompson,NJ O'Brien,AR Cusack,56.5,43.42
214,EC Joyce,SR Thompson,WTS Porterfield,76.8,70.76
215,AR Cusack,SR Thompson,WTS Porterfield,100.0,42.66
216,LJ Tucker,A Balbirnie,JA McCollum,114.25,66.63
217,LJ Tucker,BJ McCarthy,JA McCollum,44.0,41.629999999999995
218,LJ Tucker,AR McBrine,JA McCollum,75.0,46.56999999999999
219,LJ Tucker,MR Adair,JA McCollum,74.5,47.84
220,LJ Tucker,KJ O'Brien,JA McCollum,84.5,57.150000000000006
221,LJ Tucker,CA Young,JA McCollum,45.0,38.18
222,LJ Tucker,PR Stirling,JA McCollum,104.25,74.59
223,LJ Tucker,WTS Porterfield,JA McCollum,89.0,59.94
224,Simi Singh,AR McBrine,JA McCollum,55.0,45.129999999999995
225,Simi Singh,CA Young,JA McCollum,39.0,36.739999999999995
226,TJ Murtagh,A Balbirnie,JA McCollum,63.0,54.78999999999999
227,JB Little,A Balbirnie,JA McCollum,82.5,53.31
228,A Balbirnie,AR McBrine,JA McCollum,69.66666666666667,63.0
229,MR Adair,A Balbirnie,JA McCollum,78.5,64.27
230,A Balbirnie,KJ O'Brien,JA McCollum,82.11111111111111,73.58
231,A Balbirnie,CA Young,JA McCollum,100.0,54.61
232,A Balbirnie,PR Stirling,JA McCollum,123.88888888888889,91.02000000000001
233,A Balbirnie,WTS Porterfield,JA McCollum,89.66666666666667,76.37
234,BJ McCarthy,CA Young,JA McCollum,37.0,29.61
235,BJ McCarthy,PR Stirling,JA McCollum,82.25,66.02
236,MR Adair,TJ Murtagh,JA McCollum,38.166666666666664,36.0
237,TJ Murtagh,KJ O'Brien,JA McCollum,46.857142857142854,45.31
238,TJ Murtagh,PR Stirling,JA McCollum,84.71428571428571,62.75
239,SW Poynter,PR Stirling,JA McCollum,96.0,72.39
240,GH Dockrell,PR Stirling,JA McCollum,109.0,72.27
241,JB Little,PR Stirling,JA McCollum,108.5,61.269999999999996
242,JB Little,WTS Porterfield,JA McCollum,53.5,46.62
243,AR McBrine,CA Young,JA McCollum,54.0,34.55
244,AR McBrine,PR Stirling,JA McCollum,79.16666666666667,70.96
245,AR McBrine,WTS Porterfield,JA McCollum,60.833333333333336,56.31
246,MR Adair,KJ O'Brien,JA McCollum,55.0,54.790000000000006
247,MR Adair,PR Stirling,JA McCollum,92.125,72.23
248,MR Adair,WTS Porterfield,JA McCollum,64.625,57.58
249,KJ O'Brien,CA Young,JA McCollum,50.0,45.129999999999995
250,KJ O'Brien,PR Stirling,JA McCollum,103.88888888888889,81.54
251,KJ O'Brien,WTS Porterfield,JA McCollum,69.66666666666667,66.89
252,PR Stirling,WTS Porterfield,JA McCollum,111.44444444444444,84.33
253,HT Tector,A Balbirnie,LJ Tucker,69.66666666666667,65.07
254,HT Tector,JB Little,LJ Tucker,39.0,35.32
255,HT Tector,AR McBrine,LJ Tucker,47.333333333333336,45.01
256,HT Tector,PR Stirling,LJ Tucker,78.0,73.03
257,HT Tector,JB Little,Simi Singh,53.0,33.88
258,HT Tector,Simi Singh,AR McBrine,58.5,43.57
259,HT Tector,Simi Singh,C Campher,90.0,74.71000000000001
260,HT Tector,JB Little,A Balbirnie,92.5,51.75
261,HT Tector,A Balbirnie,AR McBrine,84.0,61.44
262,HT Tector,MR Adair,A Balbirnie,142.0,62.71
263,HT Tector,A Balbirnie,KJ O'Brien,78.0,72.02
264,HT Tector,A Balbirnie,CA Young,67.0,53.05
265,HT Tector,A Balbirnie,PR Stirling,114.66666666666667,89.46000000000001
266,HT Tector,A Balbirnie,GJ Delany,74.0,63.65
267,HT Tector,A Balbirnie,C Campher,105.0,92.58
268,HT Tector,BJ McCarthy,AR McBrine,43.0,36.44
269,HT Tector,JB Little,AR McBrine,40.5,31.689999999999998
270,HT Tector,JB Little,CA Young,29.5,23.3
271,HT Tector,JB Little,PR Stirling,105.5,59.71
272,HT Tector,JB Little,GJ Delany,34.5,33.9
273,HT Tector,AR McBrine,KJ O'Brien,55.666666666666664,51.959999999999994
274,HT Tector,AR McBrine,CA Young,44.666666666666664,32.989999999999995
275,HT Tector,AR McBrine,PR Stirling,92.33333333333333,69.4
276,HT Tector,AR McBrine,GJ Delany,51.666666666666664,43.589999999999996
277,HT Tector,AR McBrine,C Campher,82.66666666666667,72.52
278,HT Tector,MR Adair,PR Stirling,171.0,70.67
279,HT Tector,KJ O'Brien,PR Stirling,86.33333333333333,79.97999999999999
280,HT Tector,PR Stirling,CA Young,75.33333333333333,61.01
281,HT Tector,CA Young,C Campher,65.66666666666667,64.13
282,HT Tector,PR Stirling,GJ Delany,82.33333333333333,71.61
283,HT Tector,PR Stirling,C Campher,113.33333333333333,100.53999999999999
284,LJ Tucker,BJ McCarthy,Simi Singh,34.5,34.45
285,LJ Tucker,JB Little,Simi Singh,46.0,29.700000000000003
286,LJ Tucker,Simi Singh,AR McBrine,48.8,39.39
287,LJ Tucker,MR Adair,Simi Singh,47.333333333333336,40.660000000000004
288,LJ Tucker,Simi Singh,CA Young,31.333333333333332,31.000000000000004
289,LJ Tucker,Simi Singh,GJ Delany,43.0,41.6
290,LJ Tucker,Simi Singh,C Campher,86.5,70.53
291,LJ Tucker,TJ Murtagh,A Balbirnie,58.2,49.05
292,LJ Tucker,JB Little,A Balbirnie,55.75,47.57
293,LJ Tucker,A Balbirnie,AR McBrine,67.11111111111111,57.26
294,LJ Tucker,MR Adair,A Balbirnie,70.66666666666667,58.53
295,LJ Tucker,A Balbirnie,KJ O'Brien,71.27272727272727,67.84
296,LJ Tucker,A Balbirnie,CA Young,65.25,48.87
297,LJ Tucker,A Balbirnie,PR Stirling,88.81818181818181,85.28
298,LJ Tucker,A Balbirnie,C Campher,93.0,88.4
299,LJ Tucker,A Balbirnie,WTS Porterfield,71.25,70.63
300,LJ Tucker,BJ McCarthy,AR McBrine,41.5,32.26
301,LJ Tucker,MR Adair,BJ McCarthy,37.5,33.53
302,LJ Tucker,BJ McCarthy,KJ O'Brien,48.8,42.84
303,LJ Tucker,BJ McCarthy,GJ Delany,40.0,34.47
304,LJ Tucker,TJ Murtagh,AR McBrine,31.0,28.990000000000002
305,LJ Tucker,TJ Murtagh,MR Adair,36.8,30.26
306,LJ Tucker,TJ Murtagh,KJ O'Brien,47.2,39.57
307,LJ Tucker,TJ Murtagh,PR Stirling,58.4,57.010000000000005
308,LJ Tucker,TJ Murtagh,WTS Porterfield,44.4,42.36
309,LJ Tucker,GH Dockrell,KJ O'Brien,52.5,49.09
310,LJ Tucker,JB Little,PR Stirling,56.0,55.53
311,LJ Tucker,AR McBrine,CA Young,37.0,28.81
312,LJ Tucker,AR McBrine,PR Stirling,71.22222222222223,65.22
313,LJ Tucker,AR McBrine,C Campher,70.66666666666667,68.34
314,LJ Tucker,AR McBrine,WTS Porterfield,50.833333333333336,50.56999999999999
315,LJ Tucker,MR Adair,KJ O'Brien,49.77777777777778,49.05
316,LJ Tucker,MR Adair,PR Stirling,72.44444444444444,66.49000000000001
317,LJ Tucker,PR Stirling,GJ Delany,70.8,67.43
318,LJ Tucker,PR Stirling,C Campher,101.33333333333333,96.36
319,LJ Tucker,WTS Porterfield,GJ Delany,54.5,52.779999999999994
320,TJ Murtagh,Simi Singh,A Balbirnie,54.4,47.61
321,J Cameron-Dow,Simi Singh,A Balbirnie,84.66666666666667,46.96
322,Simi Singh,SW Poynter,A Balbirnie,60.8,57.25
323,Simi Singh,GH Dockrell,A Balbirnie,61.857142857142854,57.13
324,Simi Singh,A Balbirnie,AR McBrine,67.83333333333333,55.82
325,Simi Singh,A Balbirnie,PKD Chase,53.0,46.57
326,MR Adair,Simi Singh,A Balbirnie,63.666666666666664,57.09
327,BJ McCarthy,Simi Singh,AR McBrine,38.6,30.82
328,BJ McCarthy,Simi Singh,PKD Chase,23.0,21.570000000000004
329,BJ McCarthy,MR Adair,Simi Singh,44.0,32.09
330,BJ McCarthy,Simi Singh,NJ O'Brien,65.33333333333333,44.95
331,BJ McCarthy,Simi Singh,GJ Delany,42.333333333333336,33.03
332,BJ McCarthy,Simi Singh,C Campher,62.0,61.96
333,TJ Murtagh,Simi Singh,PKD Chase,23.25,18.3
334,TJ Murtagh,Simi Singh,NJ O'Brien,46.5,41.68
335,J Cameron-Dow,Simi Singh,GH Dockrell,34.333333333333336,28.21
336,J Cameron-Dow,Simi Singh,KJ O'Brien,40.333333333333336,37.480000000000004
337,GH Dockrell,Simi Singh,SW Poynter,39.6,38.5
338,Simi Singh,GH Dockrell,NJ O'Brien,53.0,51.2
339,JB Little,Simi Singh,AR McBrine,49.0,26.07
340,JB Little,Simi Singh,CA Young,27.0,17.68
341,JB Little,Simi Singh,C Campher,93.0,57.21
342,Simi Singh,AR McBrine,PKD Chase,34.0,26.51
343,MR Adair,Simi Singh,AR McBrine,43.666666666666664,37.03
344,Simi Singh,KJ O'Brien,AR McBrine,49.25,46.339999999999996
345,Simi Singh,AR McBrine,CA Young,48.666666666666664,27.37
346,Simi Singh,AR McBrine,GJ Delany,48.75,37.97
347,Simi Singh,AR McBrine,C Campher,108.0,66.9
348,Simi Singh,PKD Chase,NJ O'Brien,46.6,40.64
349,MR Adair,Simi Singh,KJ O'Brien,50.0,47.61
350,MR Adair,Simi Singh,GJ Delany,57.0,39.24
351,Simi Singh,KJ O'Brien,C Campher,88.5,77.47999999999999
352,Simi Singh,CA Young,GJ Delany,30.0,29.58
353,Simi Singh,CA Young,C Campher,82.5,58.51
354,Simi Singh,C Campher,GJ Delany,87.0,69.11
355,Simi Singh,WTS Porterfield,GJ Delany,58.0,51.339999999999996
356,BJ McCarthy,TJ Murtagh,J Anderson,37.6,33.400000000000006
357,BJ McCarthy,SW Poynter,J Anderson,53.8,43.04
358,BJ McCarthy,GH Dockrell,J Anderson,47.5,42.92
359,BJ McCarthy,AR McBrine,J Anderson,92.33333333333333,41.61
360,BJ McCarthy,PKD Chase,J Anderson,41.0,32.36
361,BJ McCarthy,KJ O'Brien,J Anderson,62.4,52.19
362,BJ McCarthy,WTS Porterfield,J Anderson,60.8,54.980000000000004
363,TJ Murtagh,SW Poynter,J Anderson,48.5,39.77
364,TJ Murtagh,GH Dockrell,J Anderson,45.0,39.650000000000006
365,TJ Murtagh,AR McBrine,J Anderson,90.33333333333333,38.34
366,TJ Murtagh,PKD Chase,J Anderson,35.333333333333336,29.090000000000003
367,TJ Murtagh,KJ O'Brien,J Anderson,61.166666666666664,48.92
368,TJ Murtagh,WTS Porterfield,J Anderson,53.0,51.71
369,AR McBrine,SW Poynter,J Anderson,112.0,47.980000000000004
370,SW Poynter,KJ O'Brien,J Anderson,73.83333333333333,58.56
371,SW Poynter,WTS Porterfield,J Anderson,65.66666666666667,61.35
372,GH Dockrell,KJ O'Brien,J Anderson,66.33333333333333,58.44
373,EC Joyce,GH Dockrell,J Anderson,94.0,73.57
374,AR McBrine,PKD Chase,J Anderson,39.0,37.3
375,AR McBrine,KJ O'Brien,J Anderson,107.66666666666667,57.13
376,AR McBrine,PR Stirling,J Anderson,108.0,74.57
377,AR McBrine,EC Joyce,J Anderson,114.66666666666667,72.25999999999999
378,AR McBrine,WTS Porterfield,J Anderson,101.66666666666667,59.92
379,KJ O'Brien,PKD Chase,J Anderson,56.666666666666664,47.88
380,EC Joyce,PKD Chase,J Anderson,89.0,63.01
381,KJ O'Brien,WTS Porterfield,J Anderson,78.33333333333333,70.5
382,MC Sorensen,KJ O'Brien,J Anderson,77.0,55.27
383,MC Sorensen,WTS Porterfield,J Anderson,86.0,58.06
384,JF Mooney,A Balbirnie,NJ O'Brien,76.33333333333333,64.77000000000001
385,JF Mooney,A Balbirnie,AR Cusack,54.0,48.25
386,JF Mooney,A Balbirnie,MC Sorensen,60.0,48.78
387,JF Mooney,TJ Murtagh,NJ O'Brien,52.0,36.5
388,JF Mooney,GH Dockrell,NJ O'Brien,52.875,46.019999999999996
389,JF Mooney,GH Dockrell,WTS Porterfield,45.77777777777778,45.26
390,JF Mooney,GH Dockrell,MC Sorensen,39.0,30.03
391,JF Mooney,AR McBrine,NJ O'Brien,49.4,44.71
392,JF Mooney,AR McBrine,EC Joyce,65.83333333333333,56.29
393,JF Mooney,KJ O'Brien,NJ O'Brien,62.625,55.29
394,JF Mooney,KJ O'Brien,WTS Porterfield,56.111111111111114,54.53
395,JF Mooney,MC Sorensen,KJ O'Brien,50.5,39.3
396,NJ O'Brien,JF Mooney,CA Young,36.333333333333336,36.31999999999999
397,JF Mooney,PR Stirling,NJ O'Brien,74.77777777777777,72.72999999999999
398,JF Mooney,MC Sorensen,PR Stirling,77.0,56.74
399,JF Mooney,EC Joyce,NJ O'Brien,83.44444444444444,70.41999999999999
400,JF Mooney,NJ O'Brien,WTS Porterfield,74.88888888888889,58.08
401,JF Mooney,NJ O'Brien,AR Cusack,45.4,42.31999999999999
402,JF Mooney,MC Sorensen,NJ O'Brien,73.0,42.85
403,JF Mooney,EC Joyce,WTS Porterfield,75.1,69.66
404,JF Mooney,EC Joyce,AR Cusack,56.0,53.89999999999999
405,JF Mooney,EC Joyce,MC Sorensen,68.5,54.42999999999999
406,JF Mooney,AR Cusack,WTS Porterfield,60.2,41.56
407,JF Mooney,MC Sorensen,WTS Porterfield,44.0,42.09
408,BJ McCarthy,MR Adair,A Balbirnie,51.0,49.96
409,BJ McCarthy,A Balbirnie,CA Young,40.666666666666664,40.3
410,TJ Murtagh,A Balbirnie,J Cameron-Dow,73.33333333333333,36.559999999999995
411,TJ Murtagh,A Balbirnie,GH Dockrell,48.65217391304348,46.73
412,TJ Murtagh,A Balbirnie,JB Little,74.66666666666667,35.73
413,MR Adair,TJ Murtagh,A Balbirnie,58.125,46.69
414,TJ Murtagh,A Balbirnie,PR Stirling,75.87878787878788,73.44
415,J Cameron-Dow,A Balbirnie,SW Poynter,76.0,46.199999999999996
416,J Cameron-Dow,A Balbirnie,GH Dockrell,94.0,46.08
417,J Cameron-Dow,A Balbirnie,AR McBrine,76.66666666666667,44.769999999999996
418,J Cameron-Dow,A Balbirnie,KJ O'Brien,100.0,55.349999999999994
419,J Cameron-Dow,A Balbirnie,PR Stirling,107.0,72.78999999999999
420,J Cameron-Dow,A Balbirnie,WTS Porterfield,87.0,58.14
421,GH Dockrell,A Balbirnie,SW Poynter,69.42857142857143,56.37
422,A Balbirnie,SW Poynter,AR McBrine,77.0,55.059999999999995
423,A Balbirnie,SW Poynter,PR Stirling,99.0,83.08
424,JB Little,A Balbirnie,GH Dockrell,63.0,45.25
425,MR Adair,A Balbirnie,GH Dockrell,69.2,56.21
426,A Balbirnie,GH Dockrell,PR Stirling,87.125,82.96000000000001
427,A Balbirnie,GH Dockrell,WTS Porterfield,70.25,68.31
428,A Balbirnie,GH Dockrell,MC Sorensen,57.0,53.08
429,JB Little,A Balbirnie,AR McBrine,76.0,43.94
430,MR Adair,JB Little,A Balbirnie,82.6,45.21
431,JB Little,A Balbirnie,KJ O'Brien,85.33333333333333,54.519999999999996
432,JB Little,A Balbirnie,CA Young,65.0,35.55
433,JB Little,A Balbirnie,PR Stirling,124.0,71.96000000000001
434,JB Little,A Balbirnie,GJ Delany,70.0,46.15
435,JB Little,A Balbirnie,C Campher,98.0,75.08
436,JB Little,A Balbirnie,WTS Porterfield,87.0,57.31
437,A Balbirnie,AR McBrine,PKD Chase,53.4,44.379999999999995
438,A Balbirnie,KJ O'Brien,AR McBrine,65.11111111111111,64.21
439,A Balbirnie,AR McBrine,CA Young,61.666666666666664,45.239999999999995
440,A Balbirnie,AR McBrine,PR Stirling,84.38709677419355,81.65
441,A Balbirnie,AR McBrine,GJ Delany,60.0,55.839999999999996
442,A Balbirnie,AR McBrine,C Campher,107.33333333333333,84.77
443,A Balbirnie,PKD Chase,WTS Porterfield,58.0,57.75
444,MR Adair,A Balbirnie,KJ O'Brien,79.15384615384616,65.48
445,MR Adair,A Balbirnie,CA Young,98.0,46.51
446,MR Adair,A Balbirnie,PR Stirling,111.61538461538461,82.92
447,MR Adair,A Balbirnie,GJ Delany,75.33333333333333,57.11
448,MR Adair,A Balbirnie,WTS Porterfield,78.16666666666667,68.27
449,A Balbirnie,KJ O'Brien,CA Young,61.285714285714285,55.81999999999999
450,A Balbirnie,KJ O'Brien,C Campher,101.33333333333333,95.35
451,A Balbirnie,KJ O'Brien,AR Cusack,63.0,61.81999999999999
452,A Balbirnie,MC Sorensen,KJ O'Brien,68.5,62.349999999999994
453,A Balbirnie,CA Young,GJ Delany,59.333333333333336,47.449999999999996
454,A Balbirnie,CA Young,C Campher,90.33333333333333,76.38
455,A Balbirnie,PR Stirling,GJ Delany,91.6,83.86000000000001
456,A Balbirnie,PR Stirling,C Campher,138.0,112.79
457,A Balbirnie,MC Sorensen,PR Stirling,95.0,79.78999999999999
458,A Balbirnie,NJ O'Brien,AR Cusack,75.0,65.37
459,A Balbirnie,MC Sorensen,NJ O'Brien,91.0,65.9
460,A Balbirnie,C Campher,GJ Delany,97.33333333333333,86.98
461,A Balbirnie,AR Cusack,EC Joyce,85.6,76.94999999999999
462,A Balbirnie,MC Sorensen,EC Joyce,86.5,77.47999999999999
463,A Balbirnie,AR Cusack,WTS Porterfield,89.8,64.61
464,BJ McCarthy,TJ Murtagh,GH Dockrell,29.444444444444443,21.73
465,BJ McCarthy,TJ Murtagh,JB Little,19.0,10.73
466,BJ McCarthy,TJ Murtagh,AR McBrine,27.444444444444443,20.42
467,BJ McCarthy,TJ Murtagh,MR Adair,27.5,21.69
468,BJ McCarthy,TJ Murtagh,KJ O'Brien,32.5,31.0
469,BJ McCarthy,TJ Murtagh,NJ O'Brien,37.285714285714285,34.55
470,BJ McCarthy,TJ Murtagh,EC Joyce,48.6,46.129999999999995
471,BJ McCarthy,GH Dockrell,SW Poynter,34.6,31.369999999999997
472,BJ McCarthy,AR McBrine,SW Poynter,49.333333333333336,30.059999999999995
473,BJ McCarthy,SW Poynter,KJ O'Brien,44.45454545454545,40.64
474,BJ McCarthy,SW Poynter,PR Stirling,60.27272727272727,58.08
475,BJ McCarthy,EC Joyce,SW Poynter,73.0,55.769999999999996
476,BJ McCarthy,GH Dockrell,PKD Chase,32.42857142857143,20.69
477,BJ McCarthy,GH Dockrell,KJ O'Brien,41.5,40.519999999999996
478,BJ McCarthy,GH Dockrell,CA Young,33.0,21.55
479,BJ McCarthy,GH Dockrell,PR Stirling,69.81818181818181,57.96
480,BJ McCarthy,GH Dockrell,NJ O'Brien,58.666666666666664,44.07
481,BJ McCarthy,EC Joyce,GH Dockrell,62.25,55.65
482,BJ McCarthy,GH Dockrell,WTS Porterfield,57.18181818181818,43.31
483,BJ McCarthy,JB Little,KJ O'Brien,40.5,29.52
484,BJ McCarthy,JB Little,PR Stirling,70.0,46.96
485,BJ McCarthy,JB Little,WTS Porterfield,58.0,32.31
486,BJ McCarthy,MR Adair,AR McBrine,36.75,29.9
487,BJ McCarthy,AR McBrine,KJ O'Brien,50.76923076923077,39.209999999999994
488,BJ McCarthy,AR McBrine,CA Young,48.0,20.24
489,BJ McCarthy,AR McBrine,GJ Delany,46.666666666666664,30.839999999999996
490,BJ McCarthy,AR McBrine,C Campher,102.0,59.769999999999996
491,BJ McCarthy,AR McBrine,EC Joyce,80.28571428571429,54.339999999999996
492,BJ McCarthy,PKD Chase,CA Young,31.0,10.989999999999998
493,BJ McCarthy,PKD Chase,NJ O'Brien,47.2,33.51
494,BJ McCarthy,EC Joyce,PKD Chase,68.85714285714286,45.089999999999996
495,BJ McCarthy,PKD Chase,WTS Porterfield,37.6,32.75
496,BJ McCarthy,MR Adair,KJ O'Brien,46.5,40.480000000000004
497,BJ McCarthy,MR Adair,PR Stirling,67.16666666666667,57.92
498,BJ McCarthy,MR Adair,GJ Delany,52.5,32.11
499,BJ McCarthy,MR Adair,WTS Porterfield,53.166666666666664,43.269999999999996
500,BJ McCarthy,KJ O'Brien,CA Young,37.0,30.82
501,BJ McCarthy,KJ O'Brien,GJ Delany,48.333333333333336,41.42
502,BJ McCarthy,KJ O'Brien,C Campher,84.0,70.35
503,BJ McCarthy,EC Joyce,KJ O'Brien,73.5,64.92
504,BJ McCarthy,KJ O'Brien,WTS Porterfield,53.22727272727273,52.58
505,BJ McCarthy,MC Sorensen,KJ O'Brien,70.0,37.35
506,BJ McCarthy,CA Young,GJ Delany,36.0,22.450000000000003
507,BJ McCarthy,CA Young,C Campher,73.0,51.379999999999995
508,BJ McCarthy,CA Young,WTS Porterfield,46.0,33.61
509,BJ McCarthy,PR Stirling,NJ O'Brien,75.875,70.78
510,BJ McCarthy,PR Stirling,WTS Porterfield,70.17391304347827,70.02
511,BJ McCarthy,NJ O'Brien,WTS Porterfield,63.5,56.129999999999995
512,BJ McCarthy,C Campher,GJ Delany,84.0,61.98
513,BJ McCarthy,WTS Porterfield,GJ Delany,53.5,44.21
514,BJ McCarthy,EC Joyce,WTS Porterfield,72.54545454545455,67.71
515,BJ McCarthy,MC Sorensen,WTS Porterfield,79.0,40.14
516,TJ Murtagh,J Cameron-Dow,GH Dockrell,23.0,17.810000000000002
517,TJ Murtagh,J Cameron-Dow,KJ O'Brien,29.0,27.08
518,TJ Murtagh,SW Poynter,GH Dockrell,31.9,28.1
519,TJ Murtagh,AR McBrine,SW Poynter,33.22222222222222,26.79
520,TJ Murtagh,SW Poynter,KJ O'Brien,40.75,37.37
521,TJ Murtagh,SW Poynter,CA Young,21.0,18.4
522,TJ Murtagh,EC Joyce,SW Poynter,70.85714285714286,52.49999999999999
523,TJ Murtagh,SW Poynter,MC Sorensen,26.0,24.93
524,TJ Murtagh,GH Dockrell,JB Little,19.0,16.98
525,TJ Murtagh,GH Dockrell,PKD Chase,22.727272727272727,17.42
526,MR Adair,TJ Murtagh,GH Dockrell,34.75,27.94
527,TJ Murtagh,GH Dockrell,KJ O'Brien,42.583333333333336,37.25
528,TJ Murtagh,GH Dockrell,CA Young,30.5,18.28
529,TJ Murtagh,GH Dockrell,PR Stirling,63.851851851851855,54.69
530,TJ Murtagh,GH Dockrell,NJ O'Brien,43.785714285714285,40.8
531,TJ Murtagh,GH Dockrell,WTS Porterfield,41.666666666666664,40.04
532,MR Adair,TJ Murtagh,JB Little,32.666666666666664,16.94
533,TJ Murtagh,JB Little,KJ O'Brien,55.333333333333336,26.25
534,TJ Murtagh,JB Little,PR Stirling,47.0,43.69
535,TJ Murtagh,PKD Chase,J Mulder,25.0,9.92
536,TJ Murtagh,KJ O'Brien,J Mulder,51.0,29.75
537,TJ Murtagh,PR Stirling,J Mulder,55.0,47.19
538,TJ Murtagh,WTS Porterfield,J Mulder,59.0,32.54
539,TJ Murtagh,AR McBrine,KJ O'Brien,37.708333333333336,35.94
540,TJ Murtagh,AR McBrine,CA Young,21.0,16.97
541,TJ Murtagh,AR McBrine,EC Joyce,60.4375,51.07
542,TJ Murtagh,KJ O'Brien,PKD Chase,26.8,26.69
543,TJ Murtagh,PKD Chase,CA Young,13.0,7.72
544,TJ Murtagh,EC Joyce,PKD Chase,54.4,41.81999999999999
545,TJ Murtagh,PKD Chase,WTS Porterfield,31.764705882352942,29.479999999999997
546,MR Adair,TJ Murtagh,KJ O'Brien,44.75,37.21
547,MR Adair,TJ Murtagh,PR Stirling,63.125,54.650000000000006
548,TJ Murtagh,KJ O'Brien,CA Young,41.5,27.55
549,TJ Murtagh,KJ O'Brien,PR Stirling,64.23076923076923,63.96
550,TJ Murtagh,EC Joyce,KJ O'Brien,64.52941176470588,61.64999999999999
551,TJ Murtagh,MC Sorensen,KJ O'Brien,70.0,34.08
552,NJ O'Brien,TJ Murtagh,CA Young,33.5,31.1
553,TJ Murtagh,PR Stirling,NJ O'Brien,70.1,67.50999999999999
554,TJ Murtagh,MC Sorensen,WTS Porterfield,79.0,36.87
555,J Cameron-Dow,AR McBrine,GH Dockrell,26.333333333333332,26.02
556,J Cameron-Dow,GH Dockrell,KJ O'Brien,49.666666666666664,36.6
557,J Cameron-Dow,GH Dockrell,PR Stirling,56.666666666666664,54.04
558,GH Dockrell,SW Poynter,PKD Chase,32.5,27.06
559,GH Dockrell,SW Poynter,KJ O'Brien,49.4,46.89
560,GH Dockrell,SW Poynter,PR Stirling,74.5,64.33
561,GH Dockrell,EC Joyce,SW Poynter,68.0,62.019999999999996
562,AR McBrine,SW Poynter,KJ O'Brien,60.0,45.58
563,AR McBrine,SW Poynter,EC Joyce,105.0,60.709999999999994
564,SW Poynter,PKD Chase,KJ O'Brien,41.142857142857146,36.33
565,EC Joyce,SW Poynter,PKD Chase,92.5,51.459999999999994
566,SW Poynter,KJ O'Brien,CA Young,49.0,37.19
567,SW Poynter,KJ O'Brien,PR Stirling,76.25,73.6
568,EC Joyce,SW Poynter,KJ O'Brien,103.0,71.28999999999999
569,SW Poynter,KJ O'Brien,MC Sorensen,90.0,43.72
570,SW Poynter,PR Stirling,NJ O'Brien,85.33333333333333,77.15
571,EC Joyce,SW Poynter,PR Stirling,92.42857142857143,88.72999999999999
572,EC Joyce,SW Poynter,WTS Porterfield,89.57142857142857,74.08
573,SW Poynter,MC Sorensen,WTS Porterfield,99.0,46.51
574,MR Adair,JB Little,GH Dockrell,29.25,26.46
575,JB Little,GH Dockrell,KJ O'Brien,44.25,35.769999999999996
576,JB Little,GH Dockrell,PR Stirling,69.75,53.21
577,JB Little,GH Dockrell,WTS Porterfield,41.25,38.56
578,GH Dockrell,PKD Chase,J Mulder,35.0,19.439999999999998
579,GH Dockrell,KJ O'Brien,J Mulder,58.5,39.269999999999996
580,GH Dockrell,PR Stirling,J Mulder,66.66666666666667,56.71
581,GH Dockrell,NJ O'Brien,J Mulder,46.0,42.82
582,GH Dockrell,WTS Porterfield,J Mulder,70.66666666666667,42.06
583,AR McBrine,GH Dockrell,PR Stirling,63.4375,62.9
584,GH Dockrell,PKD Chase,KJ O'Brien,36.77777777777778,36.21
585,GH Dockrell,PKD Chase,CA Young,23.5,17.24
586,GH Dockrell,PKD Chase,PR Stirling,60.583333333333336,53.65
587,GH Dockrell,PKD Chase,NJ O'Brien,46.333333333333336,39.76
588,GH Dockrell,PKD Chase,WTS Porterfield,54.416666666666664,39.0
589,MR Adair,GH Dockrell,KJ O'Brien,59.8,46.730000000000004
590,MR Adair,GH Dockrell,PR Stirling,88.0,64.17
591,MR Adair,GH Dockrell,WTS Porterfield,61.6,49.519999999999996
592,GH Dockrell,KJ O'Brien,PR Stirling,75.4375,73.47999999999999
593,GH Dockrell,KJ O'Brien,WTS Porterfield,62.65625,58.83
594,GH Dockrell,KJ O'Brien,MC Sorensen,47.5,43.599999999999994
595,GH Dockrell,PR Stirling,NJ O'Brien,81.0909090909091,77.03
596,GH Dockrell,PR Stirling,WTS Porterfield,84.22222222222223,76.27
597,GH Dockrell,PR Stirling,MC Sorensen,74.0,61.04
598,GH Dockrell,NJ O'Brien,WTS Porterfield,73.27272727272727,62.379999999999995
599,GH Dockrell,NJ O'Brien,MC Sorensen,70.0,47.15
600,EC Joyce,GH Dockrell,WTS Porterfield,77.0,73.96
601,EC Joyce,GH Dockrell,MC Sorensen,65.5,58.73
602,AR Cusack,GH Dockrell,WTS Porterfield,57.2,45.86
603,JB Little,AR McBrine,PR Stirling,89.0,51.9
604,MR Adair,JB Little,KJ O'Brien,49.2,35.730000000000004
605,MR Adair,JB Little,PR Stirling,93.8,53.17
606,MR Adair,JB Little,WTS Porterfield,53.25,38.519999999999996
607,JB Little,KJ O'Brien,PR Stirling,94.16666666666667,62.480000000000004
608,JB Little,KJ O'Brien,WTS Porterfield,68.25,47.83
609,JB Little,PR Stirling,CA Young,78.0,43.51
610,JB Little,PR Stirling,GJ Delany,83.0,54.11
611,JB Little,PR Stirling,C Campher,111.0,83.03999999999999
612,JB Little,PR Stirling,WTS Porterfield,93.75,65.27
613,AR McBrine,NJ O'Brien,J Mulder,46.0,41.51
614,KJ O'Brien,PKD Chase,J Mulder,36.0,28.71
615,PKD Chase,PR Stirling,J Mulder,91.0,46.15
616,PKD Chase,NJ O'Brien,J Mulder,33.0,32.260000000000005
617,PKD Chase,WTS Porterfield,J Mulder,142.0,31.5
618,KJ O'Brien,PR Stirling,J Mulder,98.0,65.98
619,EC Joyce,KJ O'Brien,J Mulder,64.0,63.67
620,KJ O'Brien,WTS Porterfield,J Mulder,112.5,51.33
621,PR Stirling,NJ O'Brien,J Mulder,89.0,69.53
622,PR Stirling,WTS Porterfield,J Mulder,107.0,68.77
623,NJ O'Brien,WTS Porterfield,J Mulder,106.0,54.879999999999995
624,EC Joyce,WTS Porterfield,J Mulder,81.33333333333333,66.46
625,AR McBrine,PKD Chase,EC Joyce,71.0,50.03
626,MR Adair,AR McBrine,PR Stirling,68.44444444444444,62.86
627,AR McBrine,KJ O'Brien,CA Young,40.4,35.76
628,AR McBrine,KJ O'Brien,C Campher,79.0,75.28999999999999
629,AR McBrine,KJ O'Brien,EC Joyce,89.06666666666666,69.86
630,AR McBrine,PR Stirling,CA Young,57.166666666666664,53.199999999999996
631,AR McBrine,CA Young,GJ Delany,37.0,27.39
632,AR McBrine,CA Young,C Campher,68.0,56.31999999999999
633,AR McBrine,PR Stirling,GJ Delany,75.4,63.8
634,AR McBrine,PR Stirling,C Campher,115.66666666666667,92.72999999999999
635,AR McBrine,PR Stirling,EC Joyce,97.15789473684211,87.3
636,AR McBrine,MC Sorensen,PR Stirling,62.5,59.730000000000004
637,AR McBrine,MC Sorensen,NJ O'Brien,58.5,45.84
638,AR McBrine,C Campher,GJ Delany,75.0,66.92
639,WTS Porterfield,AR McBrine,EC Joyce,73.10526315789474,72.65
640,KJ O'Brien,PKD Chase,CA Young,41.0,26.51
641,EC Joyce,KJ O'Brien,PKD Chase,79.25,60.61
642,KJ O'Brien,PKD Chase,WTS Porterfield,48.8,48.269999999999996
643,PKD Chase,CA Young,WTS Porterfield,31.5,29.299999999999997
644,EC Joyce,PKD Chase,PR Stirling,87.27272727272727,78.05
645,PKD Chase,NJ O'Brien,WTS Porterfield,59.0,51.82
646,EC Joyce,PKD Chase,WTS Porterfield,83.81818181818181,63.39999999999999
647,MR Adair,KJ O'Brien,PR Stirling,91.84615384615384,73.44
648,MR Adair,KJ O'Brien,GJ Delany,47.666666666666664,47.63
649,MR Adair,KJ O'Brien,WTS Porterfield,64.41666666666667,58.790000000000006
650,MR Adair,PR Stirling,CA Young,79.5,54.47
651,MR Adair,PR Stirling,GJ Delany,102.33333333333333,65.07000000000001
652,MR Adair,PR Stirling,WTS Porterfield,89.5,76.23
653,MR Adair,WTS Porterfield,GJ Delany,59.5,50.419999999999995
654,KJ O'Brien,CA Young,AR Cusack,43.0,33.370000000000005
655,GJ Delany,KJ O'Brien,PR Stirling,76.4,74.38
656,KJ O'Brien,C Campher,PR Stirling,109.66666666666667,103.31
657,MC Sorensen,KJ O'Brien,PR Stirling,89.33333333333333,70.31
658,MC Sorensen,KJ O'Brien,NJ O'Brien,81.5,56.42
659,EC Joyce,KJ O'Brien,WTS Porterfield,89.0,83.23
660,EC Joyce,MC Sorensen,KJ O'Brien,77.66666666666667,68.0
661,AR Cusack,KJ O'Brien,WTS Porterfield,69.2,55.129999999999995
662,MC Sorensen,KJ O'Brien,WTS Porterfield,82.66666666666667,55.66
663,PR Stirling,CA Young,GJ Delany,67.66666666666667,55.41
664,PR Stirling,CA Young,C Campher,98.66666666666667,84.34
665,NJ O'Brien,CA Young,AR Cusack,45.0,36.92
666,EC Joyce,CA Young,AR Cusack,53.5,48.5
667,PR Stirling,NJ O'Brien,WTS Porterfield,91.96428571428571,89.09
668,MC Sorensen,PR Stirling,NJ O'Brien,108.0,73.86
669,PR Stirling,C Campher,GJ Delany,105.66666666666667,94.94
670,PR Stirling,WTS Porterfield,GJ Delany,77.5,77.17
671,MC Sorensen,PR Stirling,WTS Porterfield,88.0,73.1
672,EC Joyce,NJ O'Brien,WTS Porterfield,90.15,86.78
673,EC Joyce,NJ O'Brien,AR Cusack,77.0,71.02
674,EC Joyce,MC Sorensen,NJ O'Brien,99.5,71.55
675,AR Cusack,NJ O'Brien,WTS Porterfield,81.2,58.68000000000001
676,MC Sorensen,NJ O'Brien,WTS Porterfield,75.0,59.209999999999994
677,EC Joyce,AR Cusack,WTS Porterfield,91.8,70.26
678,EC Joyce,MC Sorensen,WTS Porterfield,76.33333333333333,70.78999999999999
