,player-1,player-2,player-3,combined_avg,sum_of_individual
0,SW Billings,BM Duckett,LE Plunkett,125.0,74.45
1,SW Billings,CJ Jordan,LE Plunkett,38.5,37.68
2,SW Billings,CR Woakes,LE Plunkett,56.2,46.39
3,SW Billings,JM Vince,LE Plunkett,94.0,56.45
4,SW Billings,JC Buttler,LE Plunkett,65.55555555555556,62.230000000000004
5,SW Billings,BA Stokes,LE Plunkett,70.0,68.02
6,SW Billings,JC Archer,JM Bairstow,131.0,74.59
7,SW Billings,JJ Roy,JM Bairstow,121.84615384615385,112.79
8,SW Billings,JE Root,JM Bairstow,119.44444444444444,118.51
9,SW Billings,BM Duckett,JM Bairstow,140.0,113.79
10,SW Billings,AU Rashid,JM Bairstow,94.53846153846152,79.08000000000001
11,SW Billings,ST Finn,JM Bairstow,124.0,74.24000000000001
12,SW Billings,CR Woakes,JM Bairstow,123.0,85.73
13,SW Billings,T Banton,JM Bairstow,101.33333333333331,99.59
14,SW Billings,RJW Topley,JM Bairstow,128.0,73.43
15,SW Billings,JM Vince,JM Bairstow,96.5,95.79
16,SW Billings,DJ Willey,JM Bairstow,86.75,81.04
17,SW Billings,JM Bairstow,TK Curran,100.8,85.49000000000001
18,SW Billings,MM Ali,JM Bairstow,99.0,86.29
19,SW Billings,JM Bairstow,JC Buttler,120.5,101.57000000000001
20,SW Billings,MA Wood,JM Bairstow,106.16666666666669,73.91
21,SW Billings,S Mahmood,JM Bairstow,77.33333333333333,75.79
22,SW Billings,BA Stokes,JM Bairstow,137.66666666666666,107.36
23,SW Billings,EJG Morgan,JM Bairstow,121.91666666666669,109.47
24,SW Billings,JC Archer,JJ Roy,73.66666666666667,70.5
25,SW Billings,JC Archer,JE Root,79.0,76.22
26,SW Billings,JC Archer,AU Rashid,82.66666666666667,36.79
27,SW Billings,CR Woakes,JC Archer,95.33333333333331,43.44
28,SW Billings,JC Archer,TK Curran,63.5,43.2
29,SW Billings,JC Archer,MM Ali,132.0,44.0
30,SW Billings,JC Archer,JC Buttler,69.66666666666667,59.28
31,SW Billings,JC Archer,MA Wood,91.5,31.62
32,SW Billings,JC Archer,EJG Morgan,95.0,67.18
33,SW Billings,SM Curran,AU Rashid,44.0,41.24
34,SW Billings,CR Woakes,JJ Roy,100.14285714285714,81.64
35,SW Billings,JJ Roy,MM Ali,90.7,82.2
36,SW Billings,CR Woakes,JE Root,90.33333333333331,87.36
37,SW Billings,AU Rashid,BM Duckett,125.0,75.99000000000001
38,SW Billings,CR Woakes,BM Duckett,152.0,82.64
39,SW Billings,JM Vince,BM Duckett,157.0,92.7
40,SW Billings,BM Duckett,MM Ali,126.0,83.2
41,SW Billings,BM Duckett,JC Buttler,150.0,98.48
42,SW Billings,BA Stokes,BM Duckett,172.0,104.27
43,SW Billings,BM Duckett,JT Ball,125.0,71.81
44,SW Billings,AU Rashid,CJ Jordan,61.5,39.22
45,SW Billings,ST Finn,AU Rashid,37.57142857142857,36.44
46,SW Billings,CR Woakes,AU Rashid,76.28571428571429,47.93
47,SW Billings,AU Rashid,T Banton,73.0,61.790000000000006
48,SW Billings,RJW Topley,AU Rashid,46.0,35.63
49,SW Billings,JM Vince,AU Rashid,71.5,57.99
50,SW Billings,AU Rashid,DJ Willey,44.88888888888889,43.24
51,SW Billings,AU Rashid,TK Curran,58.8,47.69
52,SW Billings,AU Rashid,JC Buttler,67.76923076923077,63.77
53,SW Billings,AU Rashid,MA Wood,42.25,36.11
54,SW Billings,AU Rashid,S Mahmood,49.0,37.99
55,SW Billings,BA Stokes,AU Rashid,70.5,69.56
56,SW Billings,AU Rashid,EJG Morgan,85.0,71.67
57,SW Billings,CJ Jordan,JC Buttler,95.0,61.71
58,SW Billings,CJ Jordan,EJG Morgan,79.0,69.61
59,SW Billings,ST Finn,CR Woakes,60.0,43.089999999999996
60,SW Billings,ST Finn,EJG Morgan,83.42857142857143,66.83
61,SW Billings,CR Woakes,JM Vince,121.0,64.64
62,SW Billings,CR Woakes,DJ Willey,69.0,49.89
63,SW Billings,CR Woakes,TK Curran,100.0,54.34
64,SW Billings,CR Woakes,MM Ali,83.16666666666667,55.14
65,SW Billings,CR Woakes,JC Buttler,82.125,70.42
66,SW Billings,CR Woakes,MA Wood,119.0,42.76
67,SW Billings,CR Woakes,BA Stokes,109.5,76.21000000000001
68,SW Billings,CR Woakes,EJG Morgan,103.85714285714286,78.32
69,SW Billings,CR Woakes,JT Ball,53.33333333333334,43.75
70,SW Billings,RJW Topley,T Banton,61.0,56.14
71,SW Billings,JM Vince,T Banton,91.0,78.5
72,SW Billings,DJ Willey,T Banton,104.66666666666669,63.75
73,SW Billings,T Banton,TK Curran,96.5,68.2
74,SW Billings,MM Ali,T Banton,72.33333333333333,69.0
75,SW Billings,S Mahmood,T Banton,76.0,58.5
76,SW Billings,T Banton,EJG Morgan,119.33333333333331,92.18
77,SW Billings,RJW Topley,JM Vince,62.0,52.34
78,SW Billings,RJW Topley,DJ Willey,93.0,37.59
79,SW Billings,RJW Topley,MM Ali,46.0,42.84
80,SW Billings,RJW Topley,S Mahmood,46.0,32.34
81,SW Billings,JM Vince,DJ Willey,95.66666666666669,59.95
82,SW Billings,JM Vince,TK Curran,82.5,64.4
83,SW Billings,JM Vince,MM Ali,71.25,65.2
84,SW Billings,JM Vince,JC Buttler,119.0,80.48
85,SW Billings,JM Vince,S Mahmood,67.0,54.7
86,SW Billings,BA Stokes,JM Vince,141.0,86.27
87,SW Billings,JM Vince,EJG Morgan,110.33333333333331,88.38
88,SW Billings,JM Vince,JT Ball,94.0,53.81
89,SW Billings,DJ Willey,TK Curran,87.5,49.650000000000006
90,SW Billings,DJ Willey,MM Ali,59.6,50.45
91,SW Billings,DJ Willey,S Mahmood,80.66666666666667,39.95
92,SW Billings,DJ Willey,EJG Morgan,90.88888888888887,73.63
93,SW Billings,MA Wood,TK Curran,76.0,42.519999999999996
94,SW Billings,S Mahmood,TK Curran,68.0,44.4
95,SW Billings,EJG Morgan,TK Curran,90.4,78.08
96,SW Billings,MM Ali,MA Wood,71.5,43.32
97,SW Billings,S Mahmood,MM Ali,48.33333333333334,45.2
98,SW Billings,BA Stokes,MM Ali,86.5,76.77
99,SW Billings,MM Ali,EJG Morgan,85.66666666666667,78.88
100,SW Billings,AD Hales,JC Buttler,104.8,96.55
101,SW Billings,MA Wood,JC Buttler,67.2,58.6
102,SW Billings,EJG Morgan,JC Buttler,97.5,94.16
103,SW Billings,AD Hales,EJG Morgan,108.14285714285714,104.44999999999999
104,SW Billings,MA Wood,EJG Morgan,82.28571428571429,66.5
105,SW Billings,S Mahmood,EJG Morgan,95.33333333333331,68.38
106,SW Billings,BA Stokes,EJG Morgan,113.875,99.94999999999999
107,SW Billings,BA Stokes,JT Ball,100.5,65.38
108,JC Tredwell,IR Bell,SCJ Broad,52.0,50.42
109,JC Tredwell,IR Bell,CJ Jordan,52.0,49.730000000000004
110,JC Tredwell,IR Bell,JM Anderson,52.0,47.06
111,JC Tredwell,IR Bell,AD Hales,89.0,84.57
112,JWA Taylor,SCJ Broad,GS Ballance,51.0,49.06
113,JWA Taylor,SCJ Broad,MM Ali,54.88888888888889,53.89
114,JJ Roy,SCJ Broad,AD Hales,97.5,83.99000000000001
115,AU Rashid,SCJ Broad,JE Root,101.5,56.93
116,RJW Topley,SCJ Broad,JE Root,78.0,51.28
117,SCJ Broad,GS Ballance,JE Root,67.33333333333333,59.31
118,SCJ Broad,AD Hales,JE Root,104.75,89.71000000000001
119,BA Stokes,SCJ Broad,JE Root,93.0,85.21000000000001
120,AU Rashid,CR Woakes,SCJ Broad,50.0,24.15
121,RJW Topley,AU Rashid,SCJ Broad,34.0,11.85
122,AU Rashid,SCJ Broad,MM Ali,41.5,24.71
123,AU Rashid,SCJ Broad,AD Hales,114.5,50.28
124,BA Stokes,AU Rashid,SCJ Broad,49.0,45.78
125,ST Finn,SCJ Broad,CJ Jordan,17.0,10.600000000000001
126,CR Woakes,SCJ Broad,CJ Jordan,38.0,22.09
127,SCJ Broad,MM Ali,CJ Jordan,33.5,22.650000000000002
128,JC Buttler,SCJ Broad,CJ Jordan,39.66666666666666,37.93000000000001
129,EJG Morgan,SCJ Broad,CJ Jordan,49.0,45.83
130,ST Finn,SCJ Broad,RS Bopara,18.0,15.870000000000001
131,ST Finn,SCJ Broad,MM Ali,25.25,19.87
132,IR Bell,SCJ Broad,RS Bopara,63.83333333333334,59.92
133,IR Bell,SCJ Broad,MM Ali,69.55555555555556,63.92
134,IR Bell,SCJ Broad,JM Anderson,56.555555555555564,51.980000000000004
135,IR Bell,SCJ Broad,AD Hales,94.0,89.49000000000001
136,RJW Topley,CR Woakes,SCJ Broad,26.5,18.5
137,CR Woakes,SCJ Broad,MM Ali,35.63636363636363,31.36
138,CR Woakes,SCJ Broad,AD Hales,97.33333333333331,56.93
139,RJW Topley,SCJ Broad,AD Hales,91.0,44.63
140,SCJ Broad,RS Bopara,MM Ali,40.6,27.92
141,SCJ Broad,MM Ali,JM Anderson,26.875,19.98
142,AD Hales,SCJ Broad,MM Ali,84.0,57.49
143,JC Buttler,SCJ Broad,AD Hales,80.0,72.77000000000001
144,BA Stokes,SCJ Broad,AD Hales,106.0,78.56
145,JC Archer,JM Bairstow,LE Plunkett,67.83333333333333,50.64
146,JL Denly,JM Bairstow,LE Plunkett,128.0,84.44
147,JWA Taylor,JM Bairstow,LE Plunkett,104.0,84.31
148,JJ Roy,JM Bairstow,LE Plunkett,113.93333333333334,88.84
149,JE Root,JM Bairstow,LE Plunkett,100.21875,94.56
150,CR Woakes,JM Bairstow,LE Plunkett,63.27272727272727,61.78
151,DJ Willey,JM Bairstow,LE Plunkett,58.555555555555564,57.09
152,TK Curran,JM Bairstow,LE Plunkett,90.33333333333331,61.540000000000006
153,JC Buttler,JM Bairstow,LE Plunkett,82.96666666666667,77.62
154,MA Wood,JM Bairstow,LE Plunkett,52.85714285714285,49.96
155,BA Stokes,JM Bairstow,LE Plunkett,87.0,83.41
156,EJG Morgan,JM Bairstow,LE Plunkett,88.94117647058823,85.52000000000001
157,JC Archer,JJ Roy,LE Plunkett,79.66666666666667,46.55
158,CR Woakes,JC Archer,LE Plunkett,23.66666666666667,19.490000000000002
159,JC Archer,DJ Willey,LE Plunkett,20.0,14.8
160,JC Archer,TK Curran,LE Plunkett,47.0,19.25
161,JC Archer,MA Wood,LE Plunkett,8.8,7.67
162,BA Stokes,JC Archer,LE Plunkett,42.5,41.12
163,SM Curran,AU Rashid,LE Plunkett,23.0,17.29
164,SM Curran,MM Ali,LE Plunkett,37.5,24.5
165,SM Curran,JC Buttler,LE Plunkett,66.0,39.78
166,SM Curran,BA Stokes,LE Plunkett,74.0,45.57
167,SM Curran,JT Ball,LE Plunkett,16.0,13.11
168,JWA Taylor,JJ Roy,LE Plunkett,119.0,80.22
169,JWA Taylor,AU Rashid,LE Plunkett,76.66666666666667,46.51
170,JWA Taylor,ST Finn,LE Plunkett,85.0,41.67
171,JWA Taylor,CR Woakes,LE Plunkett,94.5,53.16
172,JWA Taylor,DJ Willey,LE Plunkett,70.0,48.47
173,JWA Taylor,MM Ali,LE Plunkett,85.66666666666667,53.72
174,JWA Taylor,AD Hales,LE Plunkett,84.66666666666667,79.28999999999999
175,JWA Taylor,MA Wood,LE Plunkett,58.0,41.339999999999996
176,BA Stokes,JWA Taylor,LE Plunkett,97.33333333333331,74.78999999999999
177,JWA Taylor,EJG Morgan,LE Plunkett,155.33333333333334,76.9
178,JJ Roy,JE Root,LE Plunkett,103.42857142857143,90.47
179,JJ Roy,AU Rashid,LE Plunkett,58.214285714285715,51.04
180,CR Woakes,JJ Roy,LE Plunkett,77.5,57.69
181,JJ Roy,JM Vince,LE Plunkett,94.0,67.75
182,JJ Roy,DJ Willey,LE Plunkett,72.1875,53.0
183,JJ Roy,MM Ali,LE Plunkett,67.91666666666667,58.25
184,JC Buttler,JJ Roy,LE Plunkett,87.725,73.53
185,JJ Roy,AD Hales,LE Plunkett,85.42857142857143,83.82
186,BA Stokes,JJ Roy,LE Plunkett,82.3125,79.32
187,JJ Roy,EJG Morgan,LE Plunkett,97.4318181818182,81.43
188,AU Rashid,JE Root,LE Plunkett,58.53333333333333,56.76
189,JE Root,CJ Jordan,LE Plunkett,76.0,54.7
190,ST Finn,JE Root,LE Plunkett,76.2,51.92
191,CR Woakes,JE Root,LE Plunkett,72.78571428571429,63.41
192,JM Vince,JE Root,LE Plunkett,101.66666666666669,73.47
193,DJ Willey,JE Root,LE Plunkett,59.5,58.72
194,JE Root,MM Ali,LE Plunkett,70.10810810810811,63.97
195,JC Buttler,JE Root,LE Plunkett,89.76744186046511,79.25
196,JE Root,AD Hales,LE Plunkett,98.10344827586206,89.53999999999999
197,JE Root,MA Wood,LE Plunkett,56.206896551724135,51.589999999999996
198,BA Stokes,JE Root,LE Plunkett,95.6969696969697,85.03999999999999
199,JE Root,EJG Morgan,LE Plunkett,98.08695652173913,87.15
200,JT Ball,JE Root,LE Plunkett,53.36363636363637,52.58
201,AU Rashid,BM Duckett,LE Plunkett,63.0,52.04
202,CR Woakes,BM Duckett,LE Plunkett,90.0,58.69
203,JM Vince,BM Duckett,LE Plunkett,95.0,68.75
204,BM Duckett,MM Ali,LE Plunkett,64.0,59.25
205,JC Buttler,BM Duckett,LE Plunkett,88.0,74.53
206,BA Stokes,BM Duckett,LE Plunkett,110.0,80.32
207,JT Ball,BM Duckett,LE Plunkett,63.0,47.86
208,AU Rashid,CJ Jordan,LE Plunkett,43.5,15.27
209,ST Finn,AU Rashid,LE Plunkett,31.0,12.49
210,JM Vince,AU Rashid,LE Plunkett,34.25,34.04
211,JC Buttler,AU Rashid,LE Plunkett,43.465116279069775,39.82
212,AU Rashid,AD Hales,LE Plunkett,51.33333333333334,50.11
213,BA Stokes,AU Rashid,LE Plunkett,47.38235294117647,45.61
214,AU Rashid,EJG Morgan,LE Plunkett,52.93478260869565,47.72
215,ST Finn,CJ Jordan,LE Plunkett,34.0,10.43
216,CR Woakes,CJ Jordan,LE Plunkett,26.0,21.92
217,JM Vince,CJ Jordan,LE Plunkett,60.0,31.98
218,CJ Jordan,MM Ali,LE Plunkett,45.0,22.48
219,JC Buttler,CJ Jordan,LE Plunkett,103.66666666666669,37.760000000000005
220,BA Stokes,CJ Jordan,LE Plunkett,56.33333333333334,43.55
221,CJ Jordan,EJG Morgan,LE Plunkett,60.0,45.66
222,ST Finn,CR Woakes,LE Plunkett,28.0,19.14
223,JC Buttler,ST Finn,LE Plunkett,48.66666666666666,34.980000000000004
224,ST Finn,AD Hales,LE Plunkett,62.6,45.27
225,ST Finn,EJG Morgan,LE Plunkett,73.14285714285714,42.88
226,CR Woakes,JM Vince,LE Plunkett,68.0,40.69
227,CR Woakes,MM Ali,LE Plunkett,31.23076923076923,31.189999999999998
228,CR Woakes,AD Hales,LE Plunkett,63.470588235294116,56.76
229,CR Woakes,EJG Morgan,LE Plunkett,59.29032258064516,54.37
230,DJ Willey,JM Vince,LE Plunkett,41.66666666666666,36.0
231,JM Vince,TK Curran,LE Plunkett,65.0,40.45
232,JC Buttler,JM Vince,LE Plunkett,71.33333333333333,56.53
233,JM Vince,EJG Morgan,LE Plunkett,71.0,64.43
234,JT Ball,JM Vince,LE Plunkett,32.0,29.86
235,DJ Willey,TK Curran,LE Plunkett,33.5,25.7
236,DJ Willey,MM Ali,LE Plunkett,33.3125,26.5
237,DJ Malan,DJ Willey,LE Plunkett,44.0,37.0
238,DJ Willey,MA Wood,LE Plunkett,15.777777777777779,14.120000000000001
239,DJ Willey,BT Foakes,LE Plunkett,81.0,74.0
240,DJ Willey,EJG Morgan,LE Plunkett,51.31578947368421,49.68
241,DJ Malan,TK Curran,LE Plunkett,71.0,41.45
242,BA Stokes,TK Curran,LE Plunkett,63.66666666666666,52.019999999999996
243,BT Foakes,TK Curran,LE Plunkett,108.0,78.45
244,JC Buttler,MM Ali,LE Plunkett,47.71052631578947,47.03
245,AD Hales,MM Ali,LE Plunkett,62.14285714285714,57.32
246,BA Stokes,MM Ali,LE Plunkett,59.58064516129032,52.82
247,MM Ali,EJG Morgan,LE Plunkett,66.51282051282051,54.93
248,JT Ball,MM Ali,LE Plunkett,21.09090909090909,20.36
249,JC Buttler,AD Hales,LE Plunkett,86.29629629629629,72.6
250,JC Buttler,MA Wood,LE Plunkett,35.148148148148145,34.650000000000006
251,JC Buttler,BA Stokes,LE Plunkett,68.26470588235293,68.1
252,JC Buttler,EJG Morgan,LE Plunkett,81.53488372093024,70.21000000000001
253,JC Buttler,JT Ball,LE Plunkett,37.45454545454545,35.64
254,AD Hales,MA Wood,LE Plunkett,45.15,44.94
255,BA Stokes,AD Hales,LE Plunkett,82.52380952380952,78.39
256,AD Hales,EJG Morgan,LE Plunkett,95.86666666666666,80.5
257,MA Wood,EJG Morgan,LE Plunkett,54.25,42.55
258,BA Stokes,EJG Morgan,LE Plunkett,90.72222222222223,76.0
259,BA Stokes,JT Ball,LE Plunkett,55.375,41.43
260,JT Ball,EJG Morgan,LE Plunkett,46.41666666666666,43.54
261,JC Archer,JJ Roy,JM Bairstow,104.8,85.89
262,JC Archer,JE Root,JM Bairstow,100.6153846153846,91.61
263,JC Archer,AU Rashid,JM Bairstow,62.69230769230769,52.18000000000001
264,CR Woakes,JC Archer,JM Bairstow,72.30769230769229,58.830000000000005
265,JC Archer,JM Bairstow,TK Curran,87.0,58.59
266,JC Buttler,JC Archer,JM Bairstow,75.69230769230771,74.67
267,JC Archer,MA Wood,JM Bairstow,65.18181818181819,47.010000000000005
268,BA Stokes,JC Archer,JM Bairstow,89.0,80.46000000000001
269,EJG Morgan,JC Archer,JM Bairstow,89.92307692307692,82.57
270,SM Curran,JL Denly,JM Bairstow,113.0,85.94
271,JJ Roy,JL Denly,JM Bairstow,157.33333333333334,119.69
272,JE Root,JL Denly,JM Bairstow,150.66666666666666,125.41
273,AU Rashid,JL Denly,JM Bairstow,111.0,85.98
274,CJ Jordan,JL Denly,JM Bairstow,108.0,83.92
275,CR Woakes,JL Denly,JM Bairstow,137.0,92.63
276,T Banton,JL Denly,JM Bairstow,132.5,106.49000000000001
277,DJ Willey,JL Denly,JM Bairstow,128.0,87.94
278,JL Denly,JM Bairstow,TK Curran,121.0,92.39
279,MM Ali,JL Denly,JM Bairstow,150.0,93.19
280,MW Parkinson,JL Denly,JM Bairstow,106.0,79.69
281,S Mahmood,JL Denly,JM Bairstow,109.0,82.69
282,BA Stokes,JL Denly,JM Bairstow,165.0,114.26
283,EJG Morgan,JL Denly,JM Bairstow,126.66666666666669,116.37
284,JWA Taylor,JM Bairstow,ST Finn,118.0,81.01
285,JWA Taylor,CR Woakes,JM Bairstow,132.0,92.5
286,JWA Taylor,EJG Morgan,JM Bairstow,122.33333333333331,116.24000000000001
287,TS Roland-Jones,AU Rashid,JM Bairstow,88.0,87.38
288,TS Roland-Jones,JM Bairstow,ST Finn,91.0,82.54
289,TS Roland-Jones,DJ Willey,JM Bairstow,114.0,89.34
290,TS Roland-Jones,JM Bairstow,JT Ball,95.0,83.2
291,JJ Roy,JE Root,JM Bairstow,137.55555555555554,129.81
292,JJ Roy,AU Rashid,JM Bairstow,93.1,90.38
293,CR Woakes,JJ Roy,JM Bairstow,112.0909090909091,97.03
294,JJ Roy,DJ Willey,JM Bairstow,98.64285714285714,92.34
295,JJ Roy,MM Ali,JM Bairstow,98.7,97.59
296,JC Buttler,JJ Roy,JM Bairstow,129.15,112.87
297,JJ Roy,JM Bairstow,C Overton,180.0,84.09
298,JJ Roy,MA Wood,JM Bairstow,100.64285714285714,85.21000000000001
299,BA Stokes,JJ Roy,JM Bairstow,124.42857142857143,118.66
300,EJG Morgan,JJ Roy,JM Bairstow,121.94117647058823,120.77000000000001
301,JJ Roy,JM Bairstow,JT Ball,86.9,86.2
302,CR Woakes,JE Root,JM Bairstow,102.94736842105264,102.75
303,JM Vince,JE Root,JM Bairstow,130.33333333333334,112.81
304,JE Root,JM Bairstow,DJ Willey,101.04166666666669,98.06
305,JE Root,MM Ali,JM Bairstow,103.33333333333331,103.31
306,JC Buttler,JE Root,JM Bairstow,119.8125,118.59
307,JE Root,JM Bairstow,C Overton,106.0,89.81
308,JE Root,MA Wood,JM Bairstow,96.55882352941177,90.93
309,BA Stokes,JE Root,JM Bairstow,129.9090909090909,124.38
310,ST Finn,AU Rashid,JM Bairstow,55.66666666666666,51.830000000000005
311,RJW Topley,AU Rashid,JM Bairstow,66.5,51.02
312,JC Buttler,AU Rashid,JM Bairstow,80.37254901960785,79.16
313,AU Rashid,JM Bairstow,C Overton,79.0,50.38
314,AU Rashid,MA Wood,JM Bairstow,58.97142857142857,51.5
315,AU Rashid,JM Bairstow,JT Ball,55.54545454545455,52.49
316,JM Vince,CJ Jordan,JM Bairstow,73.0,71.32000000000001
317,CJ Jordan,MM Ali,JM Bairstow,83.0,61.82000000000001
318,CJ Jordan,JM Bairstow,LA Dawson,58.0,55.32000000000001
319,JC Buttler,CJ Jordan,JM Bairstow,92.0,77.10000000000001
320,CJ Jordan,MA Wood,JM Bairstow,56.0,49.440000000000005
321,BA Stokes,CJ Jordan,JM Bairstow,126.5,82.89
322,ST Finn,DJ Willey,JM Bairstow,85.0,53.790000000000006
323,ST Finn,MA Wood,JM Bairstow,83.0,46.660000000000004
324,ST Finn,JM Bairstow,JT Ball,61.0,47.650000000000006
325,CR Woakes,JM Bairstow,TK Curran,77.46153846153847,69.73
326,JC Buttler,CR Woakes,JM Bairstow,87.07692307692308,85.81
327,MW Parkinson,CR Woakes,JM Bairstow,59.0,57.03
328,CR Woakes,MA Wood,JM Bairstow,73.0,58.150000000000006
329,RJW Topley,T Banton,JM Bairstow,97.0,71.53
330,DJ Willey,T Banton,JM Bairstow,90.0,79.14
331,RJW Topley,JM Vince,JM Bairstow,98.0,67.73
332,RJW Topley,DJ Willey,JM Bairstow,72.5,52.980000000000004
333,RJW Topley,S Mahmood,JM Bairstow,82.0,47.730000000000004
334,EJG Morgan,JM Vince,JM Bairstow,110.66666666666669,103.77000000000001
335,JC Buttler,DJ Willey,JM Bairstow,83.57142857142857,81.12
336,DJ Willey,JM Bairstow,C Overton,79.0,52.34
337,DJ Willey,MA Wood,JM Bairstow,59.846153846153854,53.46000000000001
338,DJ Willey,S Mahmood,JM Bairstow,66.0,55.34
339,BA Stokes,DJ Willey,JM Bairstow,87.83333333333331,86.91
340,MA Wood,JM Bairstow,TK Curran,67.0,57.91
341,JT Ball,JM Bairstow,TK Curran,98.0,58.900000000000006
342,MM Ali,JM Bairstow,C Overton,79.0,57.59
343,JC Buttler,JM Bairstow,C Overton,133.0,72.87
344,JC Buttler,AD Hales,JM Bairstow,116.10526315789473,111.94
345,JC Buttler,MA Wood,JM Bairstow,82.7,73.99000000000001
346,JC Buttler,EJG Morgan,JM Bairstow,109.85416666666669,109.55000000000001
347,JC Buttler,JM Bairstow,JT Ball,81.2,74.98
348,EJG Morgan,OP Stone,JM Bairstow,94.5,83.77000000000001
349,AD Hales,JM Bairstow,C Overton,113.0,83.16
350,MA Wood,JM Bairstow,C Overton,79.0,45.21
351,EJG Morgan,JM Bairstow,C Overton,94.0,80.77000000000001
352,BA Stokes,MA Wood,JM Bairstow,81.29166666666667,79.78
353,EJG Morgan,MA Wood,JM Bairstow,89.7142857142857,81.89
354,BA Stokes,EJG Morgan,JM Bairstow,119.81081081081079,115.34
355,BA Stokes,JM Bairstow,JT Ball,83.6,80.77
356,JJ Roy,JC Archer,JL Denly,131.0,77.4
357,JC Archer,JL Denly,TK Curran,51.5,50.099999999999994
358,BA Stokes,JC Archer,JL Denly,88.0,71.97
359,SM Curran,JC Archer,AU Rashid,42.0,14.34
360,SM Curran,CR Woakes,JC Archer,33.0,20.99
361,SM Curran,JC Archer,TK Curran,44.0,20.75
362,SM Curran,JC Archer,EJG Morgan,49.0,44.730000000000004
363,JC Archer,JE Root,JJ Roy,96.27272727272728,87.52
364,JC Archer,AU Rashid,JJ Roy,60.81818181818182,48.09
365,CR Woakes,JC Archer,JJ Roy,66.5,54.74
366,JC Archer,JM Vince,JJ Roy,157.0,64.8
367,JC Archer,JJ Roy,TK Curran,76.0,54.5
368,JC Archer,MM Ali,JJ Roy,55.75,55.3
369,JC Buttler,JC Archer,JJ Roy,74.0909090909091,70.58
370,JC Archer,JJ Roy,MA Wood,56.555555555555564,42.919999999999995
371,BA Stokes,JC Archer,JJ Roy,103.5,76.37
372,CR Woakes,JC Archer,JE Root,64.38461538461539,60.46
373,JC Archer,JE Root,MM Ali,64.14285714285714,61.019999999999996
374,BA Stokes,JC Archer,JE Root,95.45454545454544,82.09
375,CR Woakes,JC Archer,AU Rashid,26.461538461538463,21.03
376,JC Archer,AU Rashid,DJ Willey,20.0,16.34
377,JC Archer,AU Rashid,TK Curran,49.5,20.79
378,BA Stokes,JC Archer,AU Rashid,47.45454545454545,42.66
379,CR Woakes,JC Archer,TK Curran,70.5,27.439999999999998
380,CR Woakes,JC Archer,MM Ali,29.0,28.240000000000002
381,CR Woakes,JC Archer,MA Wood,18.818181818181817,15.86
382,BA Stokes,CR Woakes,JC Archer,52.6,49.309999999999995
383,CR Woakes,JC Archer,EJG Morgan,53.69230769230769,51.42
384,JC Archer,JM Vince,DJ Willey,38.0,33.05
385,JC Archer,JM Vince,TK Curran,69.5,37.5
386,BA Stokes,JC Archer,JM Vince,82.75,59.37
387,JC Archer,DJ Willey,TK Curran,67.0,22.75
388,DJ Malan,JC Archer,DJ Willey,44.0,34.05
389,JC Archer,DJ Willey,BT Foakes,81.0,71.05
390,JC Archer,MM Ali,TK Curran,31.0,28.0
391,DJ Malan,JC Archer,TK Curran,71.0,38.5
392,JC Archer,MA Wood,TK Curran,25.0,15.62
393,BA Stokes,JC Archer,TK Curran,102.0,49.06999999999999
394,JC Archer,BT Foakes,TK Curran,108.0,75.5
395,JC Archer,EJG Morgan,TK Curran,58.0,51.17999999999999
396,JC Archer,MM Ali,MA Wood,17.0,16.42
397,BA Stokes,JC Archer,MM Ali,72.16666666666667,49.87
398,JC Archer,MM Ali,EJG Morgan,60.5,51.980000000000004
399,JC Buttler,JC Archer,BA Stokes,65.27272727272727,65.15
400,BA Stokes,JC Archer,MA Wood,38.0,37.489999999999995
401,BA Stokes,JC Archer,EJG Morgan,75.6,73.05
402,SM Curran,JJ Roy,JL Denly,126.0,81.85
403,SM Curran,JE Root,JL Denly,111.0,87.57
404,SM Curran,CJ Jordan,JL Denly,95.0,46.08
405,SM Curran,CR Woakes,JL Denly,134.0,54.79
406,SM Curran,T Banton,JL Denly,112.0,68.65
407,SM Curran,JL Denly,TK Curran,109.0,54.55
408,SM Curran,MW Parkinson,JL Denly,94.0,41.85
409,SM Curran,JL Denly,EJG Morgan,105.0,78.53
410,JJ Roy,JE Root,JL Denly,139.5,121.32
411,JJ Roy,AU Rashid,JL Denly,116.0,81.89
412,JJ Roy,CJ Jordan,JL Denly,103.5,79.83000000000001
413,CR Woakes,JJ Roy,JL Denly,117.5,88.53999999999999
414,T Banton,JJ Roy,JL Denly,128.0,102.4
415,JJ Roy,JM Vince,JL Denly,174.0,98.6
416,JJ Roy,JL Denly,TK Curran,116.0,88.3
417,JJ Roy,MM Ali,JL Denly,119.0,89.1
418,JC Buttler,JJ Roy,JL Denly,131.0,104.38
419,MW Parkinson,JJ Roy,JL Denly,119.0,75.6
420,JJ Roy,JL Denly,MA Wood,131.0,76.72
421,S Mahmood,JJ Roy,JL Denly,87.0,78.6
422,BA Stokes,JJ Roy,JL Denly,157.5,110.16999999999999
423,JE Root,JL Denly,CJ Jordan,110.0,85.55
424,T Banton,JE Root,JL Denly,134.5,108.12
425,MW Parkinson,JE Root,JL Denly,104.0,81.32
426,S Mahmood,JE Root,JL Denly,115.0,84.32
427,AU Rashid,JL Denly,CJ Jordan,68.0,46.120000000000005
428,T Banton,AU Rashid,JL Denly,100.0,68.69
429,AU Rashid,JL Denly,TK Curran,62.66666666666666,54.59
430,AU Rashid,JL Denly,MM Ali,57.0,55.39
431,S Mahmood,AU Rashid,JL Denly,68.0,44.89
432,BA Stokes,AU Rashid,JL Denly,100.0,76.46000000000001
433,CR Woakes,CJ Jordan,JL Denly,128.0,52.77
434,T Banton,CJ Jordan,JL Denly,102.0,66.63
435,CJ Jordan,JL Denly,TK Curran,87.0,52.53
436,CJ Jordan,JL Denly,MM Ali,83.0,53.33
437,MW Parkinson,CJ Jordan,JL Denly,88.0,39.83
438,S Mahmood,CJ Jordan,JL Denly,66.0,42.83
439,CJ Jordan,JL Denly,EJG Morgan,87.0,76.50999999999999
440,T Banton,CR Woakes,JL Denly,145.0,75.34
441,CR Woakes,JL Denly,TK Curran,71.0,61.239999999999995
442,MW Parkinson,CR Woakes,JL Denly,127.0,48.54
443,T Banton,JL Denly,TK Curran,111.5,75.10000000000001
444,T Banton,MM Ali,JL Denly,115.0,75.9
445,MW Parkinson,T Banton,JL Denly,105.0,62.400000000000006
446,S Mahmood,T Banton,JL Denly,98.0,65.4
447,T Banton,JL Denly,EJG Morgan,111.5,99.08000000000001
448,JM Vince,JL Denly,TK Curran,82.0,71.3
449,JM Vince,JL Denly,MA Wood,60.0,59.72
450,BA Stokes,JM Vince,JL Denly,131.0,93.17
451,MW Parkinson,JL Denly,TK Curran,102.0,48.3
452,DJ Malan,JL Denly,TK Curran,79.0,72.3
453,S Mahmood,JL Denly,TK Curran,71.0,51.3
454,BT Foakes,JL Denly,TK Curran,116.0,109.3
455,S Mahmood,MM Ali,JL Denly,83.0,52.1
456,BA Stokes,MM Ali,JL Denly,85.5,83.67
457,MW Parkinson,JL Denly,EJG Morgan,98.0,72.28
458,BA Stokes,JL Denly,MA Wood,88.0,71.29
459,SM Curran,CR Woakes,JJ Roy,63.5,59.19
460,SM Curran,CR Woakes,JE Root,65.0,64.91
461,SM Curran,CR Woakes,AU Rashid,62.0,25.479999999999997
462,SM Curran,AU Rashid,TK Curran,40.0,25.24
463,SM Curran,AU Rashid,MM Ali,47.0,26.04
464,SM Curran,AU Rashid,JC Buttler,63.33333333333334,41.32
465,SM Curran,BA Stokes,AU Rashid,73.0,47.11
466,SM Curran,AU Rashid,EJG Morgan,56.5,49.22
467,SM Curran,AU Rashid,JT Ball,36.0,14.649999999999999
468,SM Curran,CR Woakes,CJ Jordan,48.0,23.419999999999998
469,SM Curran,CR Woakes,T Banton,65.0,45.989999999999995
470,SM Curran,CR Woakes,TK Curran,63.0,31.889999999999997
471,SM Curran,MW Parkinson,CR Woakes,47.0,19.189999999999998
472,SM Curran,CR Woakes,EJG Morgan,63.5,55.87
473,SM Curran,MM Ali,TK Curran,40.0,32.45
474,SM Curran,MW Parkinson,TK Curran,22.0,18.95
475,SM Curran,BA Stokes,TK Curran,70.0,53.519999999999996
476,SM Curran,EJG Morgan,TK Curran,56.5,55.629999999999995
477,SM Curran,MM Ali,JC Buttler,90.0,48.53
478,SM Curran,MM Ali,MA Wood,39.0,20.87
479,SM Curran,BA Stokes,MM Ali,106.0,54.32
480,SM Curran,MM Ali,JT Ball,32.0,21.86
481,SM Curran,EJG Morgan,JC Buttler,85.5,71.71000000000001
482,SM Curran,JT Ball,JC Buttler,126.0,37.14
483,SM Curran,BA Stokes,MA Wood,69.0,41.94
484,JWA Taylor,JJ Roy,AU Rashid,90.55555555555556,81.76
485,JWA Taylor,JJ Roy,ST Finn,121.66666666666669,76.92
486,JWA Taylor,JJ Roy,CR Woakes,102.71428571428572,88.41
487,JWA Taylor,JJ Roy,MM Ali,91.55555555555556,88.97
488,JC Buttler,JWA Taylor,JJ Roy,113.83333333333331,104.25
489,JWA Taylor,JJ Roy,MA Wood,77.33333333333333,76.59
490,BA Stokes,JWA Taylor,JJ Roy,113.4,110.03999999999999
491,JWA Taylor,JJ Roy,EJG Morgan,132.33333333333334,112.15
492,JWA Taylor,JE Root,GS Ballance,107.0,89.86
493,JWA Taylor,AU Rashid,ST Finn,72.66666666666667,43.21
494,JWA Taylor,CR Woakes,AU Rashid,59.42857142857143,54.699999999999996
495,JWA Taylor,AU Rashid,MM Ali,57.33333333333334,55.26
496,JC Buttler,JWA Taylor,AU Rashid,73.66666666666667,70.54
497,JWA Taylor,AU Rashid,MA Wood,57.0,42.879999999999995
498,BA Stokes,JWA Taylor,AU Rashid,83.0,76.33
499,JWA Taylor,AU Rashid,EJG Morgan,98.11111111111113,78.44
500,JWA Taylor,CR Woakes,ST Finn,50.90909090909091,49.86
501,JWA Taylor,GS Ballance,ST Finn,50.0,45.59
502,JWA Taylor,MM Ali,ST Finn,61.0,50.42
503,JWA Taylor,JM Anderson,ST Finn,41.57142857142857,38.480000000000004
504,JWA Taylor,AD Hales,ST Finn,84.33333333333333,75.99
505,JWA Taylor,MA Wood,ST Finn,69.0,38.04
506,BA Stokes,JWA Taylor,ST Finn,80.33333333333333,71.49
507,JWA Taylor,EJG Morgan,ST Finn,75.72727272727273,73.60000000000001
508,JWA Taylor,IR Bell,MM Ali,95.22222222222223,94.47
509,JWA Taylor,IR Bell,JM Anderson,83.1111111111111,82.53
510,JWA Taylor,CR Woakes,GS Ballance,65.33333333333333,57.08
511,JWA Taylor,CR Woakes,MA Wood,59.0,49.529999999999994
512,BA Stokes,JWA Taylor,CR Woakes,83.33333333333333,82.97999999999999
513,JC Buttler,JWA Taylor,RJW Topley,81.5,64.89
514,JWA Taylor,MM Ali,RS Bopara,64.6,58.47
515,JWA Taylor,MM Ali,GS Ballance,64.66666666666667,57.64
516,JWA Taylor,GS Ballance,JM Anderson,52.66666666666666,45.7
517,JC Buttler,JWA Taylor,DJ Willey,84.75,72.5
518,JC Buttler,JWA Taylor,MM Ali,77.86666666666666,77.75
519,JWA Taylor,MM Ali,JM Anderson,55.75,50.53
520,JWA Taylor,MM Ali,MA Wood,56.0,50.089999999999996
521,BA Stokes,JWA Taylor,MM Ali,83.6,83.53999999999999
522,BA Stokes,JWA Taylor,MA Wood,73.66666666666667,71.16
523,JWA Taylor,MA Wood,EJG Morgan,85.33333333333333,73.27
524,BA Stokes,JWA Taylor,EJG Morgan,128.8,106.72
525,TS Roland-Jones,AU Rashid,DJ Willey,63.0,51.54
526,TS Roland-Jones,DJ Willey,ST Finn,66.0,46.7
527,TS Roland-Jones,JT Ball,ST Finn,47.0,40.56
528,TS Roland-Jones,DJ Willey,JT Ball,70.0,47.36
529,AU Rashid,JJ Roy,JE Root,94.20289855072464,92.00999999999999
530,CR Woakes,JJ Roy,JE Root,110.67391304347828,98.66
531,JM Vince,JJ Roy,JE Root,185.5,108.72
532,JJ Roy,JE Root,DJ Willey,102.32258064516131,93.97
533,JJ Roy,JE Root,MM Ali,105.19642857142857,99.22
534,JC Buttler,JJ Roy,JE Root,122.13636363636364,114.5
535,JJ Roy,JE Root,C Overton,128.0,85.72
536,JJ Roy,JE Root,AD Hales,128.1818181818182,124.78999999999999
537,JJ Roy,JE Root,MA Wood,89.76315789473685,86.84
538,BA Stokes,JJ Roy,JE Root,127.02127659574468,120.28999999999999
539,JJ Roy,JE Root,EJG Morgan,125.07042253521126,122.4
540,JC Buttler,JJ Roy,BM Duckett,117.0,109.78
541,CR Woakes,JJ Roy,AU Rashid,63.82608695652174,59.23
542,JJ Roy,AU Rashid,DJ Willey,54.6,54.54
543,JC Buttler,JJ Roy,AU Rashid,79.88235294117645,75.07000000000001
544,JJ Roy,AU Rashid,C Overton,101.0,46.29
545,CR Woakes,JJ Roy,CJ Jordan,78.66666666666667,57.17
546,JM Vince,JJ Roy,CJ Jordan,85.0,67.23
547,JJ Roy,CJ Jordan,LA Dawson,112.0,51.230000000000004
548,JC Buttler,JJ Roy,CJ Jordan,95.0,73.01
549,JJ Roy,CJ Jordan,AD Hales,83.57142857142857,83.30000000000001
550,JJ Roy,CJ Jordan,MA Wood,110.0,45.35
551,ST Finn,JJ Roy,CR Woakes,59.5,54.39
552,ST Finn,JJ Roy,EJG Morgan,83.91666666666667,78.13
553,CR Woakes,JJ Roy,T Banton,90.0,79.74
554,CR Woakes,JJ Roy,DJ Willey,73.41176470588233,61.19
555,CR Woakes,JJ Roy,MM Ali,68.83333333333333,66.44
556,JC Buttler,CR Woakes,JJ Roy,85.0625,81.72
557,CR Woakes,MW Parkinson,JJ Roy,72.0,52.94
558,CR Woakes,JJ Roy,AD Hales,104.04,92.00999999999999
559,CR Woakes,JJ Roy,MA Wood,63.22727272727273,54.059999999999995
560,CR Woakes,JJ Roy,EJG Morgan,99.1,89.62
561,CR Woakes,JJ Roy,JT Ball,65.42857142857143,55.05
562,RJW Topley,JJ Roy,AD Hales,82.8,79.71000000000001
563,JJ Roy,JM Vince,TK Curran,97.33333333333331,75.7
564,JC Buttler,JJ Roy,JM Vince,126.75,91.78
565,JJ Roy,JM Vince,MA Wood,157.0,64.12
566,BA Stokes,JJ Roy,JM Vince,134.66666666666666,97.57
567,JJ Roy,DJ Willey,MM Ali,70.3225806451613,61.75
568,JJ Roy,DJ Willey,LA Dawson,103.0,55.25
569,JC Buttler,JJ Roy,DJ Willey,97.35714285714286,77.03
570,JJ Roy,DJ Willey,C Overton,101.0,48.25
571,JJ Roy,DJ Willey,AD Hales,93.0,87.32
572,JJ Roy,DJ Willey,MA Wood,53.07142857142857,49.37
573,BA Stokes,JJ Roy,DJ Willey,86.85714285714286,82.82
574,JJ Roy,DJ Willey,EJG Morgan,89.08333333333331,84.93
575,JT Ball,JJ Roy,TK Curran,78.0,54.81
576,JC Buttler,JJ Roy,MM Ali,85.79310344827586,82.28
577,JJ Roy,MM Ali,C Overton,101.0,53.5
578,AD Hales,JJ Roy,MM Ali,95.5,92.57
579,JJ Roy,MM Ali,EJG Morgan,90.95161290322581,90.18
580,JJ Roy,MM Ali,JT Ball,59.153846153846146,55.61
581,JJ Roy,AD Hales,LA Dawson,120.0,86.07
582,JJ Roy,MA Wood,LA Dawson,105.0,48.12
583,BA Stokes,JJ Roy,LA Dawson,95.5,81.57
584,JJ Roy,EJG Morgan,LA Dawson,101.5,83.68
585,JC Buttler,JJ Roy,C Overton,155.0,68.78
586,JC Buttler,JJ Roy,AD Hales,114.26829268292684,107.85
587,JC Buttler,JJ Roy,EJG Morgan,110.28787878787878,105.46000000000001
588,JC Buttler,JJ Roy,JT Ball,76.78571428571429,70.89
589,JJ Roy,EJG Morgan,OP Stone,92.0,79.68
590,JJ Roy,AD Hales,C Overton,135.0,79.07
591,JJ Roy,MA Wood,C Overton,101.0,41.12
592,JJ Roy,EJG Morgan,C Overton,116.0,76.68
593,JJ Roy,AD Hales,EJG Morgan,116.59574468085108,115.75
594,BA Stokes,JJ Roy,MA Wood,76.48275862068967,75.69
595,JJ Roy,MA Wood,EJG Morgan,79.76315789473685,77.8
596,BA Stokes,JJ Roy,EJG Morgan,113.86274509803921,111.25
597,BA Stokes,JJ Roy,JT Ball,88.8888888888889,76.67999999999999
598,AU Rashid,JE Root,CJ Jordan,79.875,56.239999999999995
599,ST Finn,AU Rashid,JE Root,67.33333333333333,53.46
600,AU Rashid,CR Woakes,JE Root,66.7,64.95
601,AU Rashid,JE Root,T Banton,83.0,78.81
602,RJW Topley,AU Rashid,JE Root,63.0,52.65
603,JM Vince,AU Rashid,JE Root,90.625,75.00999999999999
604,AU Rashid,JE Root,DJ Willey,60.45454545454545,60.26
605,AU Rashid,JE Root,LA Dawson,94.0,59.01
606,JC Buttler,AU Rashid,JE Root,84.16,80.78999999999999
607,AU Rashid,JE Root,AD Hales,94.14893617021276,91.08
608,BA Stokes,AU Rashid,JE Root,95.38888888888887,86.58
609,AU Rashid,JE Root,EJG Morgan,91.48717948717949,88.69
610,RJW Topley,JE Root,CJ Jordan,77.33333333333333,50.59
611,JM Vince,JE Root,CJ Jordan,144.0,72.95
612,JE Root,CJ Jordan,DJ Willey,67.83333333333333,58.2
613,JE Root,MM Ali,CJ Jordan,72.57142857142857,63.45
614,JC Buttler,JE Root,CJ Jordan,108.55555555555556,78.73
615,JE Root,AD Hales,CJ Jordan,91.11111111111113,89.02
616,BA Stokes,JE Root,CJ Jordan,99.0,84.52
617,ST Finn,JE Root,GS Ballance,66.33333333333333,55.84
618,ST Finn,JE Root,MM Ali,61.45454545454545,60.67
619,ST Finn,JE Root,AD Hales,94.85714285714286,86.24000000000001
620,ST Finn,JE Root,MA Wood,55.66666666666666,48.29
621,BA Stokes,ST Finn,JE Root,88.625,81.74000000000001
622,JM Vince,CR Woakes,JE Root,102.6,81.66
623,CR Woakes,JE Root,GS Ballance,81.66666666666667,67.33
624,CR Woakes,JE Root,MM Ali,74.75925925925925,72.16
625,JC Buttler,CR Woakes,JE Root,87.59016393442623,87.44
626,CR Woakes,JE Root,AD Hales,108.64285714285714,97.72999999999999
627,CR Woakes,JE Root,MA Wood,64.77777777777777,59.779999999999994
628,BA Stokes,CR Woakes,JE Root,93.66666666666669,93.22999999999999
629,CR Woakes,JE Root,JT Ball,73.25,60.769999999999996
630,JE Root,T Banton,MM Ali,98.0,86.02
631,S Mahmood,JE Root,T Banton,81.0,75.52
632,RJW Topley,JE Root,DJ Willey,55.85714285714285,54.61
633,RJW Topley,JE Root,MM Ali,63.22222222222222,59.86
634,JC Buttler,RJW Topley,JE Root,92.0,75.14
635,RJW Topley,JE Root,AD Hales,116.77777777777777,85.43
636,BA Stokes,RJW Topley,JE Root,98.6,80.93
637,JM Vince,JE Root,DJ Willey,111.75,76.97
638,JM Vince,JE Root,TK Curran,109.33333333333331,81.42
639,JM Vince,JE Root,MM Ali,94.83333333333331,82.22
640,JC Buttler,JM Vince,JE Root,114.42857142857143,97.5
641,JM Vince,JE Root,MA Wood,80.0,69.84
642,BA Stokes,JM Vince,JE Root,130.16666666666666,103.28999999999999
643,JM Vince,JE Root,EJG Morgan,137.57142857142858,105.4
644,JE Root,GS Ballance,MM Ali,81.0,67.89
645,JC Buttler,JE Root,GS Ballance,83.33333333333333,83.17
646,JE Root,GS Ballance,JM Anderson,69.0,55.95
647,JE Root,TK Curran,DJ Willey,68.33333333333333,66.67
648,JE Root,MM Ali,DJ Willey,72.96296296296295,67.47
649,JC Buttler,JE Root,DJ Willey,93.79310344827586,82.75
650,JE Root,MA Wood,DJ Willey,57.30769230769231,55.089999999999996
651,BA Stokes,JE Root,DJ Willey,99.55,88.53999999999999
652,JE Root,EJG Morgan,DJ Willey,91.54285714285713,90.65
653,JT Ball,JE Root,DJ Willey,61.5,56.08
654,JE Root,MM Ali,LA Dawson,75.0,66.22
655,JC Buttler,JE Root,MM Ali,90.87671232876713,88.0
656,AD Hales,JE Root,MM Ali,105.9761904761905,98.28999999999999
657,JE Root,MM Ali,MA Wood,61.941176470588225,60.339999999999996
658,S Mahmood,JE Root,MM Ali,66.0,62.22
659,BA Stokes,JE Root,MM Ali,107.51063829787235,93.78999999999999
660,JE Root,MM Ali,EJG Morgan,99.04109589041096,95.9
661,JE Root,MM Ali,JT Ball,69.45454545454545,61.33
662,JC Buttler,JE Root,LA Dawson,103.0,81.5
663,OP Stone,JE Root,LA Dawson,84.0,55.72
664,BA Stokes,JE Root,LA Dawson,92.0,87.28999999999999
665,JE Root,EJG Morgan,LA Dawson,98.0,89.4
666,JC Buttler,JE Root,C Overton,81.0,74.5
667,JC Buttler,JE Root,AD Hales,123.04255319148935,113.57
668,JC Buttler,JE Root,MA Wood,76.07142857142857,75.62
669,JC Buttler,BA Stokes,JE Root,117.79629629629628,109.07
670,JC Buttler,JE Root,EJG Morgan,114.28571428571428,111.18
671,JC Buttler,JE Root,JT Ball,78.5,76.61
672,OP Stone,JE Root,EJG Morgan,100.33333333333331,85.4
673,BA Stokes,JE Root,AD Hales,134.41935483870967,119.35999999999999
674,JE Root,AD Hales,EJG Morgan,124.8,121.47
675,BA Stokes,JE Root,MA Wood,89.5,81.41
676,JE Root,MA Wood,EJG Morgan,93.44186046511628,83.52
677,JE Root,MA Wood,JT Ball,60.57142857142857,48.949999999999996
678,BA Stokes,JE Root,EJG Morgan,132.26785714285714,116.97
679,BA Stokes,JE Root,JT Ball,111.28571428571428,82.39999999999999
680,JE Root,EJG Morgan,JT Ball,84.64285714285714,84.51
681,AU Rashid,CR Woakes,BM Duckett,68.66666666666667,60.230000000000004
682,JC Buttler,AU Rashid,BM Duckett,100.33333333333331,76.07
683,BA Stokes,AU Rashid,BM Duckett,101.33333333333331,81.86
684,AU Rashid,BM Duckett,JT Ball,61.33333333333334,49.4
685,JC Buttler,CR Woakes,BM Duckett,106.0,82.72
686,BA Stokes,CR Woakes,BM Duckett,107.0,88.50999999999999
687,CR Woakes,BM Duckett,JT Ball,67.0,56.05
688,JC Buttler,JM Vince,BM Duckett,107.0,92.78
689,BA Stokes,JM Vince,BM Duckett,108.0,98.57
690,JM Vince,BM Duckett,JT Ball,68.0,66.11
691,JC Buttler,BM Duckett,DJ Willey,94.5,78.03
692,BA Stokes,BM Duckett,DJ Willey,85.0,83.82
693,JC Buttler,BM Duckett,MM Ali,93.0,83.28
694,BA Stokes,BM Duckett,MM Ali,94.0,89.07
695,JC Buttler,BA Stokes,BM Duckett,138.66666666666666,104.35
696,JC Buttler,BM Duckett,JT Ball,98.66666666666669,71.89
697,BA Stokes,BM Duckett,JT Ball,99.66666666666669,77.67999999999999
698,ST Finn,AU Rashid,CJ Jordan,57.0,11.97
699,JM Vince,AU Rashid,CJ Jordan,51.0,33.519999999999996
700,AU Rashid,MM Ali,CJ Jordan,27.8,24.02
701,JC Buttler,AU Rashid,CJ Jordan,88.83333333333331,39.3
702,AU Rashid,AD Hales,CJ Jordan,73.83333333333333,49.59
703,BA Stokes,AU Rashid,CJ Jordan,59.5,45.09
704,EJG Morgan,AU Rashid,CJ Jordan,47.5,47.2
705,ST Finn,CR Woakes,AU Rashid,22.83333333333333,20.68
706,ST Finn,AU Rashid,AD Hales,48.5,46.81
707,ST Finn,AU Rashid,MA Wood,11.5,8.86
708,ST Finn,AU Rashid,EJG Morgan,66.66666666666667,44.42
709,ST Finn,AU Rashid,JT Ball,10.0,9.85
710,RJW Topley,CR Woakes,AU Rashid,20.33333333333333,19.87
711,JM Vince,CR Woakes,AU Rashid,43.375,42.23
712,CR Woakes,AU Rashid,TK Curran,35.083333333333336,31.93
713,CR Woakes,AU Rashid,LA Dawson,28.0,26.23
714,CR Woakes,AU Rashid,AD Hales,59.407407407407405,58.3
715,CR Woakes,AU Rashid,JT Ball,24.0,21.34
716,AU Rashid,T Banton,DJ Willey,61.66666666666666,41.34
717,AU Rashid,T Banton,TK Curran,49.66666666666666,45.790000000000006
718,RJW Topley,AU Rashid,DJ Willey,15.666666666666664,15.18
719,JC Buttler,RJW Topley,AU Rashid,44.66666666666666,35.71
720,RJW Topley,AU Rashid,AD Hales,67.0,46.0
721,RJW Topley,AU Rashid,MA Wood,54.0,8.05
722,BA Stokes,RJW Topley,AU Rashid,48.0,41.5
723,JM Vince,AU Rashid,DJ Willey,42.888888888888886,37.54
724,JM Vince,AU Rashid,TK Curran,59.4,41.989999999999995
725,JC Buttler,JM Vince,AU Rashid,60.6,58.07
726,BA Stokes,JM Vince,AU Rashid,75.77777777777777,63.86
727,JM Vince,AU Rashid,EJG Morgan,75.6,65.97
728,JM Vince,AU Rashid,JT Ball,38.0,31.4
729,AU Rashid,TK Curran,DJ Willey,34.285714285714285,27.24
730,JC Buttler,AU Rashid,DJ Willey,46.63333333333333,43.32
731,DJ Malan,AU Rashid,DJ Willey,44.0,38.54
732,AU Rashid,MA Wood,DJ Willey,17.857142857142858,15.66
733,AU Rashid,S Mahmood,DJ Willey,37.66666666666666,17.54
734,BA Stokes,AU Rashid,DJ Willey,49.952380952380956,49.11
735,AU Rashid,BT Foakes,DJ Willey,81.0,75.54
736,JT Ball,AU Rashid,DJ Willey,23.857142857142854,16.65
737,DJ Malan,AU Rashid,TK Curran,71.0,42.989999999999995
738,AU Rashid,MA Wood,TK Curran,20.88888888888889,20.11
739,AU Rashid,BT Foakes,TK Curran,108.0,79.99000000000001
740,BA Stokes,AU Rashid,MM Ali,56.096153846153854,54.36
741,AU Rashid,MM Ali,JT Ball,23.33333333333333,21.9
742,JC Buttler,AU Rashid,LA Dawson,51.0,42.07
743,OP Stone,AU Rashid,LA Dawson,32.0,16.29
744,AU Rashid,EJG Morgan,LA Dawson,115.0,49.97
745,JC Buttler,AU Rashid,C Overton,54.0,35.07
746,JC Buttler,AU Rashid,AD Hales,80.93333333333334,74.14
747,JC Buttler,BA Stokes,AU Rashid,70.0,69.64
748,JC Buttler,AU Rashid,EJG Morgan,74.55405405405405,71.75
749,JC Buttler,AU Rashid,JT Ball,48.846153846153854,37.18
750,OP Stone,AU Rashid,EJG Morgan,69.66666666666667,45.97
751,BA Stokes,AU Rashid,AD Hales,82.57575757575758,79.93
752,AU Rashid,AD Hales,EJG Morgan,84.02,82.03999999999999
753,BA Stokes,AU Rashid,MA Wood,42.42857142857143,41.98
754,AU Rashid,MA Wood,EJG Morgan,50.20454545454545,44.09
755,AU Rashid,MA Wood,JT Ball,10.5,9.52
756,BA Stokes,AU Rashid,EJG Morgan,83.63157894736842,77.53999999999999
757,BA Stokes,AU Rashid,JT Ball,72.125,42.97
758,ST Finn,CR Woakes,CJ Jordan,25.0,18.619999999999997
759,ST Finn,CJ Jordan,RS Bopara,30.0,15.18
760,ST Finn,CJ Jordan,MM Ali,39.0,19.18
761,JC Buttler,ST Finn,CJ Jordan,75.33333333333333,34.46
762,ST Finn,CJ Jordan,EJG Morgan,95.66666666666669,42.36
763,CR Woakes,IR Bell,CJ Jordan,65.0,62.67
764,IR Bell,CJ Jordan,JM Anderson,57.5,51.290000000000006
765,IR Bell,CJ Jordan,AD Hales,89.5,88.80000000000001
766,CR Woakes,CJ Jordan,T Banton,59.0,43.97
767,JM Vince,CR Woakes,CJ Jordan,68.0,40.17
768,CR Woakes,CJ Jordan,RS Bopara,38.0,26.67
769,CR Woakes,CJ Jordan,TK Curran,56.0,29.87
770,CR Woakes,CJ Jordan,MM Ali,54.0,30.67
771,CR Woakes,CJ Jordan,LA Dawson,35.0,24.17
772,JC Buttler,CR Woakes,CJ Jordan,82.33333333333333,45.95
773,MW Parkinson,CR Woakes,CJ Jordan,41.0,17.17
774,CR Woakes,CJ Jordan,JM Anderson,42.0,18.73
775,CR Woakes,CJ Jordan,AD Hales,58.5,56.24
776,CR Woakes,CJ Jordan,MA Wood,33.0,18.290000000000003
777,BA Stokes,CR Woakes,CJ Jordan,100.0,51.739999999999995
778,CR Woakes,CJ Jordan,EJG Morgan,62.4,53.85
779,CJ Jordan,T Banton,MM Ali,49.0,44.53
780,RJW Topley,CJ Jordan,MM Ali,20.0,18.37
781,JC Buttler,RJW Topley,CJ Jordan,56.66666666666666,33.650000000000006
782,RJW Topley,CJ Jordan,AD Hales,79.33333333333333,43.94
783,BA Stokes,RJW Topley,CJ Jordan,42.333333333333336,39.44
784,JM Vince,CJ Jordan,DJ Willey,51.0,35.480000000000004
785,JC Buttler,JM Vince,CJ Jordan,121.0,56.010000000000005
786,JM Vince,CJ Jordan,EJG Morgan,71.0,63.91
787,CJ Jordan,RS Bopara,MM Ali,52.0,27.23
788,CJ Jordan,RS Bopara,EJG Morgan,75.5,50.41
789,CJ Jordan,MM Ali,DJ Willey,31.75,25.98
790,CJ Jordan,LA Dawson,DJ Willey,31.0,19.48
791,JC Buttler,CJ Jordan,DJ Willey,64.5,41.260000000000005
792,CJ Jordan,AD Hales,DJ Willey,62.4,51.55
793,CJ Jordan,MA Wood,DJ Willey,29.0,13.600000000000001
794,BA Stokes,CJ Jordan,DJ Willey,62.8,47.05
795,JC Buttler,CJ Jordan,MM Ali,72.8,46.510000000000005
796,AD Hales,CJ Jordan,MM Ali,76.0,56.8
797,BA Stokes,CJ Jordan,MM Ali,71.0,52.3
798,CJ Jordan,MM Ali,EJG Morgan,54.42857142857143,54.41
799,CJ Jordan,MA Wood,LA Dawson,33.0,12.350000000000001
800,BA Stokes,CJ Jordan,LA Dawson,100.0,45.8
801,JC Buttler,CJ Jordan,AD Hales,109.85714285714286,72.08000000000001
802,JC Buttler,BA Stokes,CJ Jordan,98.6,67.58
803,JC Buttler,CJ Jordan,EJG Morgan,96.0,69.69
804,CJ Jordan,AD Hales,MA Wood,46.0,44.419999999999995
805,BA Stokes,CJ Jordan,AD Hales,93.57142857142857,77.87
806,BA Stokes,CJ Jordan,MA Wood,98.0,39.919999999999995
807,BA Stokes,CJ Jordan,EJG Morgan,78.28571428571429,75.47999999999999
808,ST Finn,IR Bell,RS Bopara,62.0,56.45
809,ST Finn,IR Bell,MM Ali,63.875,60.45
810,ST Finn,IR Bell,JM Anderson,51.57142857142857,48.510000000000005
811,ST Finn,CR Woakes,GS Ballance,24.66666666666667,23.06
812,ST Finn,CR Woakes,MM Ali,28.857142857142854,27.89
813,ST Finn,CR Woakes,MA Wood,20.0,15.509999999999998
814,ST Finn,MM Ali,RS Bopara,36.4,24.45
815,JC Buttler,ST Finn,RS Bopara,40.0,39.730000000000004
816,ST Finn,RS Bopara,JM Anderson,13.75,12.51
817,ST Finn,MM Ali,GS Ballance,24.0,23.619999999999997
818,ST Finn,GS Ballance,JM Anderson,12.0,11.68
819,ST Finn,DJ Willey,EJG Morgan,59.0,46.379999999999995
820,ST Finn,DJ Willey,JT Ball,36.0,11.809999999999999
821,ST Finn,MM Ali,JM Anderson,23.285714285714285,16.509999999999998
822,ST Finn,MM Ali,MA Wood,37.0,16.07
823,ST Finn,AD Hales,EJG Morgan,87.3,77.2
824,ST Finn,MA Wood,EJG Morgan,61.25,39.25
825,BA Stokes,ST Finn,EJG Morgan,83.63636363636364,72.7
826,CR Woakes,IR Bell,MM Ali,76.33333333333333,71.94
827,CR Woakes,IR Bell,JM Anderson,63.75,60.0
828,CR Woakes,IR Bell,AD Hales,132.0,97.50999999999999
829,IR Bell,MM Ali,RS Bopara,84.6,68.5
830,IR Bell,RS Bopara,JM Anderson,69.6,56.56
831,JC Buttler,IR Bell,MM Ali,93.33333333333331,87.78
832,IR Bell,MM Ali,JM Anderson,72.25,60.56
833,AD Hales,IR Bell,MM Ali,109.0,98.07
834,JC Buttler,IR Bell,JM Anderson,77.22222222222223,75.84
835,JC Buttler,IR Bell,AD Hales,122.0,113.35
836,IR Bell,AD Hales,JM Anderson,89.5,86.13
837,CR Woakes,T Banton,TK Curran,73.0,52.44
838,MW Parkinson,CR Woakes,T Banton,58.0,39.74
839,RJW Topley,CR Woakes,AD Hales,66.66666666666667,52.65
840,CR Woakes,JM Vince,DJ Willey,45.25,44.19
841,CR Woakes,JM Vince,TK Curran,75.0,48.64
842,JC Buttler,CR Woakes,JM Vince,71.5,64.72
843,BA Stokes,CR Woakes,JM Vince,80.0,70.50999999999999
844,CR Woakes,JM Vince,EJG Morgan,90.4,72.62
845,CR Woakes,JM Vince,JT Ball,43.66666666666666,38.05
846,CR Woakes,MM Ali,RS Bopara,37.6,35.94
847,CR Woakes,MM Ali,GS Ballance,39.333333333333336,35.11
848,CR Woakes,GS Ballance,JM Anderson,27.33333333333333,23.169999999999998
849,JC Buttler,CR Woakes,DJ Willey,52.16666666666666,49.97
850,CR Woakes,DJ Willey,MA Wood,24.0,22.31
851,CR Woakes,DJ Willey,JT Ball,24.6,23.299999999999997
852,MW Parkinson,CR Woakes,TK Curran,55.0,25.64
853,CR Woakes,MA Wood,TK Curran,39.0,26.759999999999998
854,CR Woakes,MM Ali,JM Anderson,33.5,27.999999999999996
855,AD Hales,CR Woakes,MM Ali,70.3,65.50999999999999
856,CR Woakes,MM Ali,EJG Morgan,64.10344827586206,63.12
857,CR Woakes,MM Ali,JT Ball,33.75,28.549999999999997
858,CR Woakes,MA Wood,LA Dawson,28.0,21.06
859,BA Stokes,CR Woakes,LA Dawson,59.5,54.51
860,CR Woakes,EJG Morgan,LA Dawson,65.5,56.62
861,JC Buttler,CR Woakes,AD Hales,82.89655172413794,80.78999999999999
862,JC Buttler,CR Woakes,JT Ball,45.75,43.83
863,MW Parkinson,CR Woakes,EJG Morgan,51.0,49.62
864,CR Woakes,EJG Morgan,OP Stone,65.0,52.62
865,CR Woakes,AD Hales,JM Anderson,69.0,53.57
866,CR Woakes,AD Hales,MA Wood,59.78571428571429,53.129999999999995
867,CR Woakes,AD Hales,EJG Morgan,91.87096774193549,88.69
868,CR Woakes,MA Wood,EJG Morgan,53.964285714285715,50.739999999999995
869,BA Stokes,CR Woakes,JT Ball,56.28571428571429,49.62
870,CR Woakes,EJG Morgan,JT Ball,63.0,51.73
871,RJW Topley,DJ Willey,T Banton,62.0,35.69
872,JM Vince,T Banton,DJ Willey,79.66666666666667,58.05
873,JM Vince,T Banton,TK Curran,74.0,62.5
874,JM Vince,T Banton,EJG Morgan,94.33333333333331,86.47999999999999
875,DJ Willey,T Banton,TK Curran,79.0,47.75
876,DJ Willey,T Banton,MM Ali,61.0,48.55
877,S Mahmood,DJ Willey,T Banton,64.66666666666667,38.05
878,DJ Willey,T Banton,EJG Morgan,108.0,71.72999999999999
879,MM Ali,T Banton,TK Curran,54.0,53.0
880,S Mahmood,T Banton,TK Curran,52.0,42.5
881,T Banton,EJG Morgan,TK Curran,84.75,76.18
882,S Mahmood,T Banton,EJG Morgan,69.75,66.48
883,RJW Topley,JM Vince,DJ Willey,63.0,31.89
884,JC Buttler,RJW Topley,DJ Willey,51.57142857142857,37.67
885,RJW Topley,DJ Willey,AD Hales,54.125,47.96
886,RJW Topley,DJ Willey,MA Wood,19.0,10.010000000000002
887,RJW Topley,DJ Willey,S Mahmood,47.0,11.89
888,BA Stokes,RJW Topley,DJ Willey,44.0,43.46
889,JC Buttler,RJW Topley,MM Ali,44.88888888888889,42.92
890,AD Hales,RJW Topley,MM Ali,64.2,53.21
891,RJW Topley,MM Ali,MA Wood,24.0,15.260000000000002
892,JC Buttler,RJW Topley,AD Hales,98.44444444444444,68.49000000000001
893,BA Stokes,RJW Topley,AD Hales,96.16666666666669,74.28
894,RJW Topley,AD Hales,EJG Morgan,78.4,76.39
895,BA Stokes,RJW Topley,MA Wood,61.0,36.33
896,JM Vince,TK Curran,DJ Willey,72.75,43.95
897,JC Buttler,JM Vince,DJ Willey,75.8,60.03
898,DJ Malan,JM Vince,DJ Willey,62.0,55.25
899,JM Vince,S Mahmood,DJ Willey,55.66666666666666,34.25
900,JM Vince,BT Foakes,DJ Willey,99.0,92.25
901,JM Vince,EJG Morgan,DJ Willey,92.0,67.93
902,JM Vince,MM Ali,TK Curran,54.0,49.2
903,JC Buttler,JM Vince,TK Curran,85.0,64.48
904,DJ Malan,JM Vince,TK Curran,89.0,59.7
905,JM Vince,MA Wood,TK Curran,74.0,36.82
906,JM Vince,S Mahmood,TK Curran,45.5,38.7
907,BA Stokes,JM Vince,TK Curran,114.0,70.27
908,JM Vince,BT Foakes,TK Curran,126.0,96.7
909,JM Vince,EJG Morgan,TK Curran,106.0,72.38
910,BA Stokes,JM Vince,MM Ali,74.77777777777777,71.07
911,JM Vince,MM Ali,EJG Morgan,86.25,73.18
912,JC Buttler,BA Stokes,JM Vince,91.66666666666669,86.35
913,JC Buttler,JM Vince,EJG Morgan,108.16666666666669,88.46000000000001
914,JC Buttler,JM Vince,JT Ball,75.33333333333333,53.89
915,BA Stokes,JM Vince,MA Wood,71.0,58.69
916,JM Vince,MA Wood,EJG Morgan,82.25,60.8
917,JM Vince,S Mahmood,EJG Morgan,70.33333333333333,62.68
918,BA Stokes,JM Vince,EJG Morgan,126.2,94.25
919,BA Stokes,JM Vince,JT Ball,76.33333333333333,59.68
920,JC Buttler,MM Ali,RS Bopara,62.6,51.78
921,MM Ali,RS Bopara,JM Anderson,36.5,24.56
922,MM Ali,RS Bopara,EJG Morgan,59.8,59.68
923,MM Ali,GS Ballance,JM Anderson,26.66666666666667,23.73
924,JC Buttler,DJ Willey,TK Curran,59.25,49.730000000000004
925,DJ Malan,DJ Willey,TK Curran,91.0,44.95
926,DJ Willey,S Mahmood,TK Curran,50.5,23.95
927,DJ Willey,BT Foakes,TK Curran,128.0,81.95
928,DJ Willey,EJG Morgan,TK Curran,66.375,57.629999999999995
929,JC Buttler,DJ Willey,MM Ali,55.92857142857143,50.53
930,AD Hales,DJ Willey,MM Ali,63.33333333333334,60.82
931,DJ Willey,MM Ali,MA Wood,24.66666666666667,22.87
932,S Mahmood,DJ Willey,MM Ali,37.0,24.75
933,BA Stokes,DJ Willey,MM Ali,63.047619047619044,56.32
934,DJ Willey,MM Ali,EJG Morgan,60.9375,58.43
935,DJ Willey,MM Ali,JT Ball,25.83333333333333,23.86
936,DJ Willey,MA Wood,LA Dawson,24.0,16.37
937,BA Stokes,DJ Willey,LA Dawson,91.0,49.82
938,JC Buttler,DJ Willey,C Overton,54.0,37.03
939,JC Buttler,DJ Willey,AD Hales,79.23809523809524,76.1
940,JC Buttler,DJ Willey,MA Wood,38.22222222222222,38.15
941,JC Buttler,BA Stokes,DJ Willey,76.21052631578948,71.6
942,JC Buttler,DJ Willey,EJG Morgan,77.79310344827586,73.71000000000001
943,JC Buttler,DJ Willey,JT Ball,40.57142857142857,39.14
944,DJ Malan,DJ Willey,BT Foakes,105.0,93.25
945,BA Stokes,DJ Willey,MA Wood,47.22222222222222,43.94
946,DJ Willey,MA Wood,EJG Morgan,59.214285714285715,46.05
947,DJ Willey,S Mahmood,EJG Morgan,84.0,47.93
948,BA Stokes,DJ Willey,EJG Morgan,83.78260869565217,79.5
949,BA Stokes,DJ Willey,JT Ball,54.6,44.93
950,DJ Malan,BT Foakes,TK Curran,132.0,97.7
951,BA Stokes,MA Wood,TK Curran,51.28571428571429,48.39
952,S Mahmood,EJG Morgan,TK Curran,68.66666666666667,52.379999999999995
953,MM Ali,EJG Morgan,LA Dawson,96.0,57.18
954,JC Buttler,MM Ali,JM Anderson,50.125,43.84
955,JC Buttler,MM Ali,C Overton,54.0,42.28
956,JC Buttler,AD Hales,MM Ali,89.3953488372093,81.35
957,JC Buttler,MM Ali,EJG Morgan,79.94520547945207,78.96000000000001
958,JC Buttler,MM Ali,JT Ball,52.2,44.39
959,OP Stone,MM Ali,EJG Morgan,63.33333333333334,53.18
960,BA Stokes,AD Hales,MM Ali,93.46666666666668,87.14
961,AD Hales,MM Ali,EJG Morgan,91.82222222222221,89.25
962,BA Stokes,MM Ali,MA Wood,52.42857142857143,49.19
963,EJG Morgan,MM Ali,MA Wood,60.5,51.3
964,BA Stokes,MM Ali,EJG Morgan,93.80392156862743,84.75
965,BA Stokes,MM Ali,JT Ball,66.81818181818181,50.18
966,MM Ali,EJG Morgan,JT Ball,55.16666666666666,52.29
967,JC Buttler,OP Stone,LA Dawson,41.0,38.78
968,JC Buttler,EJG Morgan,LA Dawson,124.0,72.46000000000001
969,OP Stone,EJG Morgan,LA Dawson,105.0,46.68
970,BA Stokes,AD Hales,LA Dawson,108.0,80.64
971,BA Stokes,MA Wood,LA Dawson,93.0,42.69
972,BA Stokes,EJG Morgan,LA Dawson,103.0,78.25
973,JC Buttler,OP Stone,EJG Morgan,72.66666666666667,68.46000000000001
974,JC Buttler,AD Hales,C Overton,88.0,67.85
975,JC Buttler,MA Wood,C Overton,54.0,29.900000000000002
976,JC Buttler,EJG Morgan,C Overton,69.0,65.46000000000001
977,JC Buttler,AD Hales,MA Wood,73.95833333333333,68.97
978,JC Buttler,BA Stokes,AD Hales,106.2,102.42
979,JC Buttler,AD Hales,EJG Morgan,112.3191489361702,104.53
980,JC Buttler,MA Wood,EJG Morgan,72.175,66.58
981,JC Buttler,MA Wood,JT Ball,32.8,32.010000000000005
982,JC Buttler,BA Stokes,EJG Morgan,105.8181818181818,100.03
983,JC Buttler,BA Stokes,JT Ball,85.36363636363636,65.46000000000001
984,BA Stokes,OP Stone,EJG Morgan,80.0,74.25
985,BA Stokes,AD Hales,MA Wood,77.25,74.76
986,EJG Morgan,AD Hales,MA Wood,86.75,76.87
987,BA Stokes,AD Hales,EJG Morgan,117.48571428571428,110.32
988,BA Stokes,AD Hales,JT Ball,80.14285714285714,75.75
989,BA Stokes,MA Wood,EJG Morgan,81.65714285714286,72.37
990,BA Stokes,MA Wood,JT Ball,58.0,37.8
991,MA Wood,EJG Morgan,JT Ball,49.14285714285714,39.91
992,BA Stokes,EJG Morgan,JT Ball,104.125,73.36
