player-1,player-2,avg
AM Rahane,S Dhawan,77.93333333
AM Rahane,SK Raina,64.1875
AM Rahane,MA Agarwal,0
AM Rahane,RV Uthappa,52
AM Rahane,M Vijay,66
AM Rahane,B Kumar,39.73076923
AM Rahane,Yuvraj Singh,91.33333333
AM Rahane,Gurkeerat Singh,32.5
V Kohli,AM Rahane,93.21428571
AM Rahane,SS Iyer,32.66666667
AM Rahane,R Ashwin,40
AM Rahane,J Yadav,21
AM Rahane,YS Chahal,29.90909091
AM Rahane,KK Nair,0
AM Rahane,MK Tiwary,48.66666667
AM Rahane,MK Pandey,54.85714286
AM Rahane,Mohammed Siraj,0
AM Rahane,KM Jadhav,65.45454545
AM Rahane,UT Yadav,39.19230769
AM Rahane,Kuldeep Yadav,40.93333333
AM Rahane,RG Sharma,80.71428571
AM Rahane,STR Binny,75.16666667
AM Rahane,BB Sran,46.33333333
AM Rahane,SN Thakur,19.5
AM Rahane,S Kaul,0
AM Rahane,NA Saini,0
KL Rahul,AM Rahane,12
AM Rahane,PP Shaw,0
AM Rahane,A Mishra,39.77777778
AM Rahane,R Dhawan,32
KD Karthik,AM Rahane,75.5
AM Rahane,JJ Bumrah,27.0625
AM Rahane,Mohammed Shami,40.07692308
AM Rahane,MM Sharma,36.42857143
AM Rahane,Washington Sundar,0
AM Rahane,RR Pant,0
AM Rahane,DS Kulkarni,59.66666667
AM Rahane,HH Pandya,57.75
AM Rahane,Harbhajan Singh,49.42857143
AM Rahane,DL Chahar,0
AM Rahane,KK Ahmed,0
AM Rahane,Shubman Gill,0
AM Rahane,MS Dhoni,62.80952381
AM Rahane,AT Rayudu,100.75
AM Rahane,FY Fazal,0
AM Rahane,V Shankar,0
AM Rahane,I Sharma,47
AM Rahane,RA Jadeja,43.1875
AM Rahane,AR Patel,47
AM Rahane,S Dube,0
S Dhawan,SK Raina,67
S Dhawan,MA Agarwal,0
S Dhawan,RV Uthappa,0
M Vijay,S Dhawan,0
S Dhawan,B Kumar,49.4
S Dhawan,Yuvraj Singh,82
S Dhawan,Gurkeerat Singh,95
V Kohli,S Dhawan,99.98611111
S Dhawan,SS Iyer,85.27272727
S Dhawan,R Ashwin,42.04761905
S Dhawan,J Yadav,0
S Dhawan,YS Chahal,49.70588235
S Dhawan,KK Nair,0
S Dhawan,MK Tiwary,0
S Dhawan,MK Pandey,59.22222222
S Dhawan,Mohammed Siraj,32
S Dhawan,KM Jadhav,56.29268293
S Dhawan,UT Yadav,42.67857143
Kuldeep Yadav,S Dhawan,41.95121951
S Dhawan,RG Sharma,100.9452055
S Dhawan,STR Binny,51.75
S Dhawan,BB Sran,27.66666667
S Dhawan,SN Thakur,43.75
S Dhawan,S Kaul,38.5
S Dhawan,NA Saini,48
KL Rahul,S Dhawan,69.64285714
S Dhawan,PP Shaw,0
S Dhawan,A Mishra,26.75
S Dhawan,R Dhawan,94.66666667
KD Karthik,S Dhawan,53.94444444
JJ Bumrah,S Dhawan,48.14634146
S Dhawan,Mohammed Shami,34.13793103
S Dhawan,MM Sharma,45.15384615
S Dhawan,Washington Sundar,68
S Dhawan,RR Pant,61.42857143
S Dhawan,DS Kulkarni,65
S Dhawan,HH Pandya,55.69444444
S Dhawan,Harbhajan Singh,36.25
S Dhawan,DL Chahar,0
S Dhawan,KK Ahmed,17.75
S Dhawan,Shubman Gill,17.5
S Dhawan,MS Dhoni,69.26388889
S Dhawan,AT Rayudu,56.13636364
S Dhawan,FY Fazal,0
S Dhawan,V Shankar,56.88888889
S Dhawan,I Sharma,69.5
S Dhawan,RA Jadeja,48.47619048
S Dhawan,AR Patel,39.86666667
S Dhawan,S Dube,0
SK Raina,MA Agarwal,0
SK Raina,RV Uthappa,0
M Vijay,SK Raina,0
SK Raina,B Kumar,26.5
SK Raina,Yuvraj Singh,0
SK Raina,Gurkeerat Singh,0
V Kohli,SK Raina,63.9047619
SK Raina,SS Iyer,0
SK Raina,R Ashwin,41.5
SK Raina,J Yadav,0
SK Raina,YS Chahal,19.66666667
SK Raina,KK Nair,0
SK Raina,MK Tiwary,0
SK Raina,MK Pandey,0
SK Raina,Mohammed Siraj,0
SK Raina,KM Jadhav,0
SK Raina,UT Yadav,31.26666667
Kuldeep Yadav,SK Raina,18.33333333
SK Raina,RG Sharma,77.57894737
SK Raina,STR Binny,28.25
SK Raina,BB Sran,0
SK Raina,SN Thakur,23
SK Raina,S Kaul,23.5
SK Raina,NA Saini,0
KL Rahul,SK Raina,27.5
SK Raina,PP Shaw,0
SK Raina,A Mishra,18
SK Raina,R Dhawan,0
KD Karthik,SK Raina,22
JJ Bumrah,SK Raina,0
SK Raina,Mohammed Shami,37.3
SK Raina,MM Sharma,31.38461538
SK Raina,Washington Sundar,0
SK Raina,RR Pant,0
SK Raina,DS Kulkarni,37
SK Raina,HH Pandya,29.66666667
SK Raina,Harbhajan Singh,26.75
SK Raina,DL Chahar,0
SK Raina,KK Ahmed,0
SK Raina,Shubman Gill,0
SK Raina,MS Dhoni,61.0952381
SK Raina,AT Rayudu,38.25
SK Raina,FY Fazal,0
SK Raina,V Shankar,0
SK Raina,I Sharma,0
SK Raina,RA Jadeja,47.2
SK Raina,AR Patel,26.44444444
SK Raina,S Dube,0
MA Agarwal,RV Uthappa,0
M Vijay,MA Agarwal,0
B Kumar,MA Agarwal,0
MA Agarwal,Yuvraj Singh,0
MA Agarwal,Gurkeerat Singh,0
V Kohli,MA Agarwal,37
SS Iyer,MA Agarwal,84.33333333
R Ashwin,MA Agarwal,0
MA Agarwal,J Yadav,0
YS Chahal,MA Agarwal,7
MA Agarwal,KK Nair,0
MA Agarwal,MK Tiwary,0
MA Agarwal,MK Pandey,43
MA Agarwal,Mohammed Siraj,0
MA Agarwal,KM Jadhav,35
MA Agarwal,UT Yadav,0
Kuldeep Yadav,MA Agarwal,32
RG Sharma,MA Agarwal,0
STR Binny,MA Agarwal,0
MA Agarwal,BB Sran,0
SN Thakur,MA Agarwal,20.33333333
S Kaul,MA Agarwal,0
MA Agarwal,NA Saini,28.5
KL Rahul,MA Agarwal,80
MA Agarwal,PP Shaw,40
MA Agarwal,A Mishra,0
R Dhawan,MA Agarwal,0
KD Karthik,MA Agarwal,0
JJ Bumrah,MA Agarwal,12
Mohammed Shami,MA Agarwal,32
MM Sharma,MA Agarwal,0
Washington Sundar,MA Agarwal,0
RR Pant,MA Agarwal,0
DS Kulkarni,MA Agarwal,0
MA Agarwal,HH Pandya,0
MA Agarwal,Harbhajan Singh,0
MA Agarwal,DL Chahar,0
MA Agarwal,KK Ahmed,0
MA Agarwal,Shubman Gill,0
MA Agarwal,MS Dhoni,0
AT Rayudu,MA Agarwal,0
MA Agarwal,FY Fazal,0
MA Agarwal,V Shankar,0
MA Agarwal,I Sharma,0
RA Jadeja,MA Agarwal,33
MA Agarwal,AR Patel,0
MA Agarwal,S Dube,0
M Vijay,RV Uthappa,43.33333333
B Kumar,RV Uthappa,14.66666667
Yuvraj Singh,RV Uthappa,0
RV Uthappa,Gurkeerat Singh,0
V Kohli,RV Uthappa,0
SS Iyer,RV Uthappa,0
R Ashwin,RV Uthappa,0
RV Uthappa,J Yadav,0
YS Chahal,RV Uthappa,0
KK Nair,RV Uthappa,0
RV Uthappa,MK Tiwary,26
RV Uthappa,MK Pandey,102
RV Uthappa,Mohammed Siraj,0
RV Uthappa,KM Jadhav,56.66666667
RV Uthappa,UT Yadav,0
Kuldeep Yadav,RV Uthappa,0
RG Sharma,RV Uthappa,0
STR Binny,RV Uthappa,54.66666667
RV Uthappa,BB Sran,0
SN Thakur,RV Uthappa,0
S Kaul,RV Uthappa,0
NA Saini,RV Uthappa,0
KL Rahul,RV Uthappa,0
PP Shaw,RV Uthappa,0
A Mishra,RV Uthappa,0
R Dhawan,RV Uthappa,0
KD Karthik,RV Uthappa,0
JJ Bumrah,RV Uthappa,0
Mohammed Shami,RV Uthappa,0
MM Sharma,RV Uthappa,31
Washington Sundar,RV Uthappa,0
RR Pant,RV Uthappa,0
DS Kulkarni,RV Uthappa,6.5
HH Pandya,RV Uthappa,0
Harbhajan Singh,RV Uthappa,16.33333333
RV Uthappa,DL Chahar,0
KK Ahmed,RV Uthappa,0
Shubman Gill,RV Uthappa,0
MS Dhoni,RV Uthappa,0
AT Rayudu,RV Uthappa,89
RV Uthappa,FY Fazal,0
RV Uthappa,V Shankar,0
RV Uthappa,I Sharma,0
RA Jadeja,RV Uthappa,0
RV Uthappa,AR Patel,15.66666667
RV Uthappa,S Dube,0
M Vijay,B Kumar,28.66666667
M Vijay,Yuvraj Singh,0
M Vijay,Gurkeerat Singh,0
V Kohli,M Vijay,0
M Vijay,SS Iyer,0
M Vijay,R Ashwin,0
M Vijay,J Yadav,0
M Vijay,YS Chahal,0
M Vijay,KK Nair,0
M Vijay,MK Tiwary,40
M Vijay,MK Pandey,84
M Vijay,Mohammed Siraj,0
M Vijay,KM Jadhav,70.66666667
M Vijay,UT Yadav,0
M Vijay,Kuldeep Yadav,0
M Vijay,RG Sharma,0
M Vijay,STR Binny,68.66666667
M Vijay,BB Sran,0
M Vijay,SN Thakur,0
M Vijay,S Kaul,0
M Vijay,NA Saini,0
KL Rahul,M Vijay,0
M Vijay,PP Shaw,0
M Vijay,A Mishra,0
M Vijay,R Dhawan,0
KD Karthik,M Vijay,0
M Vijay,JJ Bumrah,0
M Vijay,Mohammed Shami,0
M Vijay,MM Sharma,13
M Vijay,Washington Sundar,0
M Vijay,RR Pant,0
M Vijay,DS Kulkarni,36.5
M Vijay,HH Pandya,0
M Vijay,Harbhajan Singh,30.33333333
M Vijay,DL Chahar,0
M Vijay,KK Ahmed,0
M Vijay,Shubman Gill,0
M Vijay,MS Dhoni,0
M Vijay,AT Rayudu,119
M Vijay,FY Fazal,0
M Vijay,V Shankar,0
M Vijay,I Sharma,0
M Vijay,RA Jadeja,0
M Vijay,AR Patel,29.66666667
M Vijay,S Dube,0
B Kumar,Yuvraj Singh,39.33333333
B Kumar,Gurkeerat Singh,7
V Kohli,B Kumar,59.07142857
SS Iyer,B Kumar,53
R Ashwin,B Kumar,4.166666667
B Kumar,J Yadav,0
B Kumar,YS Chahal,7.027027027
B Kumar,KK Nair,0
B Kumar,MK Tiwary,11.33333333
B Kumar,MK Pandey,21.1
B Kumar,Mohammed Siraj,0
B Kumar,KM Jadhav,21.55555556
B Kumar,UT Yadav,5
Kuldeep Yadav,B Kumar,8.777777778
RG Sharma,B Kumar,64.86666667
STR Binny,B Kumar,34.4
B Kumar,BB Sran,0
B Kumar,SN Thakur,21.5
S Kaul,B Kumar,0
B Kumar,NA Saini,0
KL Rahul,B Kumar,33.5
B Kumar,PP Shaw,0
B Kumar,A Mishra,1.5
R Dhawan,B Kumar,11
KD Karthik,B Kumar,21.57894737
JJ Bumrah,B Kumar,6.585365854
Mohammed Shami,B Kumar,7.769230769
B Kumar,MM Sharma,8.5
Washington Sundar,B Kumar,0
B Kumar,RR Pant,30
B Kumar,DS Kulkarni,1.666666667
B Kumar,HH Pandya,23.02631579
B Kumar,Harbhajan Singh,8.857142857
B Kumar,DL Chahar,0
B Kumar,KK Ahmed,7
B Kumar,Shubman Gill,11.5
B Kumar,MS Dhoni,32.25423729
B Kumar,AT Rayudu,36.5
B Kumar,FY Fazal,0
B Kumar,V Shankar,22.14285714
B Kumar,I Sharma,2
RA Jadeja,B Kumar,16.04166667
B Kumar,AR Patel,7.625
B Kumar,S Dube,0
Yuvraj Singh,Gurkeerat Singh,0
V Kohli,Yuvraj Singh,90.9
SS Iyer,Yuvraj Singh,0
R Ashwin,Yuvraj Singh,40.625
Yuvraj Singh,J Yadav,0
YS Chahal,Yuvraj Singh,0
KK Nair,Yuvraj Singh,0
Yuvraj Singh,MK Tiwary,0
Yuvraj Singh,MK Pandey,0
Yuvraj Singh,Mohammed Siraj,0
Yuvraj Singh,KM Jadhav,68.7
Yuvraj Singh,UT Yadav,25.6
Kuldeep Yadav,Yuvraj Singh,26.5
RG Sharma,Yuvraj Singh,81.8
STR Binny,Yuvraj Singh,0
Yuvraj Singh,BB Sran,0
SN Thakur,Yuvraj Singh,0
S Kaul,Yuvraj Singh,0
NA Saini,Yuvraj Singh,0
KL Rahul,Yuvraj Singh,78
PP Shaw,Yuvraj Singh,0
A Mishra,Yuvraj Singh,0
R Dhawan,Yuvraj Singh,0
KD Karthik,Yuvraj Singh,0
JJ Bumrah,Yuvraj Singh,39.5
Mohammed Shami,Yuvraj Singh,0
MM Sharma,Yuvraj Singh,0
Washington Sundar,Yuvraj Singh,0
RR Pant,Yuvraj Singh,0
DS Kulkarni,Yuvraj Singh,0
HH Pandya,Yuvraj Singh,59.2
Harbhajan Singh,Yuvraj Singh,0
Yuvraj Singh,DL Chahar,0
KK Ahmed,Yuvraj Singh,0
Shubman Gill,Yuvraj Singh,0
MS Dhoni,Yuvraj Singh,69.1
AT Rayudu,Yuvraj Singh,0
Yuvraj Singh,FY Fazal,0
Yuvraj Singh,V Shankar,0
Yuvraj Singh,I Sharma,0
RA Jadeja,Yuvraj Singh,46.125
Yuvraj Singh,AR Patel,0
Yuvraj Singh,S Dube,0
V Kohli,Gurkeerat Singh,81.33333333
SS Iyer,Gurkeerat Singh,0
R Ashwin,Gurkeerat Singh,0
Gurkeerat Singh,J Yadav,0
YS Chahal,Gurkeerat Singh,0
KK Nair,Gurkeerat Singh,0
Gurkeerat Singh,MK Tiwary,0
Gurkeerat Singh,MK Pandey,104
Gurkeerat Singh,Mohammed Siraj,0
Gurkeerat Singh,KM Jadhav,0
Gurkeerat Singh,UT Yadav,5
Kuldeep Yadav,Gurkeerat Singh,0
RG Sharma,Gurkeerat Singh,53
STR Binny,Gurkeerat Singh,0
Gurkeerat Singh,BB Sran,8
SN Thakur,Gurkeerat Singh,0
S Kaul,Gurkeerat Singh,0
NA Saini,Gurkeerat Singh,0
KL Rahul,Gurkeerat Singh,0
PP Shaw,Gurkeerat Singh,0
A Mishra,Gurkeerat Singh,0
R Dhawan,Gurkeerat Singh,8.333333333
KD Karthik,Gurkeerat Singh,0
JJ Bumrah,Gurkeerat Singh,0
Mohammed Shami,Gurkeerat Singh,0
MM Sharma,Gurkeerat Singh,0
Washington Sundar,Gurkeerat Singh,0
RR Pant,Gurkeerat Singh,0
DS Kulkarni,Gurkeerat Singh,0
HH Pandya,Gurkeerat Singh,0
Harbhajan Singh,Gurkeerat Singh,0
Gurkeerat Singh,DL Chahar,0
KK Ahmed,Gurkeerat Singh,0
Shubman Gill,Gurkeerat Singh,0
MS Dhoni,Gurkeerat Singh,23.33333333
AT Rayudu,Gurkeerat Singh,0
Gurkeerat Singh,FY Fazal,0
Gurkeerat Singh,V Shankar,0
Gurkeerat Singh,I Sharma,4.333333333
RA Jadeja,Gurkeerat Singh,14.33333333
Gurkeerat Singh,AR Patel,0
Gurkeerat Singh,S Dube,0
V Kohli,SS Iyer,100.5
V Kohli,R Ashwin,46.22727273
V Kohli,J Yadav,66
V Kohli,YS Chahal,62.57894737
V Kohli,KK Nair,0
V Kohli,MK Tiwary,0
V Kohli,MK Pandey,84.44444444
V Kohli,Mohammed Siraj,104
V Kohli,KM Jadhav,79.19642857
V Kohli,UT Yadav,53.05882353
V Kohli,Kuldeep Yadav,65.25
V Kohli,RG Sharma,114.2235294
V Kohli,STR Binny,29.5
V Kohli,BB Sran,89
V Kohli,SN Thakur,69.4
V Kohli,S Kaul,60.5
V Kohli,NA Saini,65.8
V Kohli,KL Rahul,82.32142857
V Kohli,PP Shaw,53
V Kohli,A Mishra,67.77777778
V Kohli,R Dhawan,81
V Kohli,KD Karthik,76.07692308
V Kohli,JJ Bumrah,60.37037037
V Kohli,Mohammed Shami,54.94594595
V Kohli,MM Sharma,41
V Kohli,Washington Sundar,0
V Kohli,RR Pant,78.35714286
V Kohli,DS Kulkarni,40
V Kohli,HH Pandya,79.59574468
V Kohli,Harbhajan Singh,69
V Kohli,DL Chahar,5
V Kohli,KK Ahmed,76.57142857
V Kohli,Shubman Gill,0
V Kohli,MS Dhoni,86.36144578
V Kohli,AT Rayudu,79.625
V Kohli,FY Fazal,0
V Kohli,V Shankar,76.18181818
V Kohli,I Sharma,72.5
V Kohli,RA Jadeja,63.47916667
V Kohli,AR Patel,55.5
V Kohli,S Dube,13
R Ashwin,SS Iyer,0
SS Iyer,J Yadav,0
SS Iyer,YS Chahal,44.33333333
SS Iyer,KK Nair,0
SS Iyer,MK Tiwary,0
SS Iyer,MK Pandey,54.83333333
SS Iyer,Mohammed Siraj,0
SS Iyer,KM Jadhav,79.42857143
SS Iyer,UT Yadav,0
Kuldeep Yadav,SS Iyer,39.92307692
RG Sharma,SS Iyer,95.71428571
STR Binny,SS Iyer,0
SS Iyer,BB Sran,0
SS Iyer,SN Thakur,48
S Kaul,SS Iyer,0
SS Iyer,NA Saini,45
KL Rahul,SS Iyer,104.1111111
SS Iyer,PP Shaw,100.3333333
SS Iyer,A Mishra,0
R Dhawan,SS Iyer,0
KD Karthik,SS Iyer,62.66666667
JJ Bumrah,SS Iyer,40.16666667
Mohammed Shami,SS Iyer,48.66666667
SS Iyer,MM Sharma,0
Washington Sundar,SS Iyer,88
SS Iyer,RR Pant,72.5
SS Iyer,DS Kulkarni,0
SS Iyer,HH Pandya,39.5
SS Iyer,Harbhajan Singh,0
SS Iyer,DL Chahar,64.5
SS Iyer,KK Ahmed,68
SS Iyer,Shubman Gill,0
SS Iyer,MS Dhoni,56.16666667
SS Iyer,AT Rayudu,0
SS Iyer,FY Fazal,0
SS Iyer,V Shankar,0
SS Iyer,I Sharma,0
RA Jadeja,SS Iyer,65.63636364
SS Iyer,AR Patel,0
SS Iyer,S Dube,79
R Ashwin,J Yadav,0
R Ashwin,YS Chahal,0
R Ashwin,KK Nair,0
R Ashwin,MK Tiwary,0
R Ashwin,MK Pandey,3.5
R Ashwin,Mohammed Siraj,0
R Ashwin,KM Jadhav,38.875
R Ashwin,UT Yadav,3.875
Kuldeep Yadav,R Ashwin,0
RG Sharma,R Ashwin,66.64705882
STR Binny,R Ashwin,9.5
R Ashwin,BB Sran,0.5
R Ashwin,SN Thakur,0
S Kaul,R Ashwin,0
R Ashwin,NA Saini,0
KL Rahul,R Ashwin,13.33333333
R Ashwin,PP Shaw,0
R Ashwin,A Mishra,0
R Dhawan,R Ashwin,0
KD Karthik,R Ashwin,0
JJ Bumrah,R Ashwin,3
Mohammed Shami,R Ashwin,6.75
R Ashwin,MM Sharma,5.125
Washington Sundar,R Ashwin,0
R Ashwin,RR Pant,0
R Ashwin,DS Kulkarni,3
R Ashwin,HH Pandya,26.5
R Ashwin,Harbhajan Singh,0
R Ashwin,DL Chahar,0
R Ashwin,KK Ahmed,0
R Ashwin,Shubman Gill,0
R Ashwin,MS Dhoni,34.68181818
R Ashwin,AT Rayudu,24
R Ashwin,FY Fazal,0
R Ashwin,V Shankar,0
R Ashwin,I Sharma,1
RA Jadeja,R Ashwin,13.47058824
R Ashwin,AR Patel,9.333333333
R Ashwin,S Dube,0
YS Chahal,J Yadav,0
KK Nair,J Yadav,0
MK Tiwary,J Yadav,0
MK Pandey,J Yadav,1
Mohammed Siraj,J Yadav,0
KM Jadhav,J Yadav,40
UT Yadav,J Yadav,1
Kuldeep Yadav,J Yadav,0
RG Sharma,J Yadav,71
STR Binny,J Yadav,0
BB Sran,J Yadav,0
SN Thakur,J Yadav,0
S Kaul,J Yadav,0
NA Saini,J Yadav,0
KL Rahul,J Yadav,0
PP Shaw,J Yadav,0
A Mishra,J Yadav,1
R Dhawan,J Yadav,0
KD Karthik,J Yadav,0
JJ Bumrah,J Yadav,1
Mohammed Shami,J Yadav,0
MM Sharma,J Yadav,0
Washington Sundar,J Yadav,0
RR Pant,J Yadav,0
DS Kulkarni,J Yadav,0
HH Pandya,J Yadav,0
Harbhajan Singh,J Yadav,0
DL Chahar,J Yadav,0
KK Ahmed,J Yadav,0
Shubman Gill,J Yadav,0
MS Dhoni,J Yadav,42
AT Rayudu,J Yadav,0
FY Fazal,J Yadav,0
V Shankar,J Yadav,0
I Sharma,J Yadav,0
RA Jadeja,J Yadav,0
AR Patel,J Yadav,25
S Dube,J Yadav,0
YS Chahal,KK Nair,23
YS Chahal,MK Tiwary,0
YS Chahal,MK Pandey,13.08333333
YS Chahal,Mohammed Siraj,0
YS Chahal,KM Jadhav,14.33333333
YS Chahal,UT Yadav,3.5
Kuldeep Yadav,YS Chahal,3.125
RG Sharma,YS Chahal,53.44444444
STR Binny,YS Chahal,0
YS Chahal,BB Sran,0
SN Thakur,YS Chahal,11.4
S Kaul,YS Chahal,6.5
YS Chahal,NA Saini,31.5
KL Rahul,YS Chahal,33.94736842
YS Chahal,PP Shaw,37
YS Chahal,A Mishra,0
R Dhawan,YS Chahal,0
KD Karthik,YS Chahal,18.5
JJ Bumrah,YS Chahal,0.947368421
Mohammed Shami,YS Chahal,0.75
MM Sharma,YS Chahal,0
Washington Sundar,YS Chahal,0
RR Pant,YS Chahal,25.71428571
DS Kulkarni,YS Chahal,0
YS Chahal,HH Pandya,19.94117647
YS Chahal,Harbhajan Singh,0
YS Chahal,DL Chahar,0
YS Chahal,KK Ahmed,7.25
YS Chahal,Shubman Gill,17
YS Chahal,MS Dhoni,22.88636364
AT Rayudu,YS Chahal,29.71428571
YS Chahal,FY Fazal,55
YS Chahal,V Shankar,16.125
YS Chahal,I Sharma,0
RA Jadeja,YS Chahal,19.77777778
YS Chahal,AR Patel,1.222222222
YS Chahal,S Dube,0
KK Nair,MK Tiwary,0
KK Nair,MK Pandey,25
KK Nair,Mohammed Siraj,0
KK Nair,KM Jadhav,23
KK Nair,UT Yadav,0
Kuldeep Yadav,KK Nair,0
RG Sharma,KK Nair,0
STR Binny,KK Nair,0
KK Nair,BB Sran,23
SN Thakur,KK Nair,0
S Kaul,KK Nair,0
NA Saini,KK Nair,0
KL Rahul,KK Nair,89.5
PP Shaw,KK Nair,0
A Mishra,KK Nair,0
R Dhawan,KK Nair,0
KD Karthik,KK Nair,0
JJ Bumrah,KK Nair,23
Mohammed Shami,KK Nair,0
MM Sharma,KK Nair,0
Washington Sundar,KK Nair,0
RR Pant,KK Nair,0
DS Kulkarni,KK Nair,23
HH Pandya,KK Nair,0
Harbhajan Singh,KK Nair,0
KK Nair,DL Chahar,0
KK Ahmed,KK Nair,0
Shubman Gill,KK Nair,0
MS Dhoni,KK Nair,23
AT Rayudu,KK Nair,74.5
KK Nair,FY Fazal,0
KK Nair,V Shankar,0
KK Nair,I Sharma,0
RA Jadeja,KK Nair,0
KK Nair,AR Patel,23
KK Nair,S Dube,0
MK Tiwary,MK Pandey,81
MK Tiwary,Mohammed Siraj,0
KM Jadhav,MK Tiwary,53.33333333
UT Yadav,MK Tiwary,0
Kuldeep Yadav,MK Tiwary,0
RG Sharma,MK Tiwary,0
STR Binny,MK Tiwary,51.33333333
MK Tiwary,BB Sran,0
SN Thakur,MK Tiwary,0
S Kaul,MK Tiwary,0
NA Saini,MK Tiwary,0
KL Rahul,MK Tiwary,0
PP Shaw,MK Tiwary,0
A Mishra,MK Tiwary,0
R Dhawan,MK Tiwary,0
KD Karthik,MK Tiwary,0
JJ Bumrah,MK Tiwary,0
Mohammed Shami,MK Tiwary,0
MM Sharma,MK Tiwary,10
Washington Sundar,MK Tiwary,0
RR Pant,MK Tiwary,0
DS Kulkarni,MK Tiwary,12
HH Pandya,MK Tiwary,0
Harbhajan Singh,MK Tiwary,13
DL Chahar,MK Tiwary,0
KK Ahmed,MK Tiwary,0
Shubman Gill,MK Tiwary,0
MS Dhoni,MK Tiwary,0
AT Rayudu,MK Tiwary,94.5
FY Fazal,MK Tiwary,0
V Shankar,MK Tiwary,0
I Sharma,MK Tiwary,0
RA Jadeja,MK Tiwary,0
AR Patel,MK Tiwary,12.33333333
MK Tiwary,S Dube,0
Mohammed Siraj,MK Pandey,0
KM Jadhav,MK Pandey,44.4
UT Yadav,MK Pandey,27.33333333
Kuldeep Yadav,MK Pandey,16.7
RG Sharma,MK Pandey,83.9
STR Binny,MK Pandey,89
BB Sran,MK Pandey,2
SN Thakur,MK Pandey,45
S Kaul,MK Pandey,0
NA Saini,MK Pandey,20
KL Rahul,MK Pandey,74.28571429
PP Shaw,MK Pandey,82
A Mishra,MK Pandey,18.2
R Dhawan,MK Pandey,104
KD Karthik,MK Pandey,9.333333333
JJ Bumrah,MK Pandey,18.6
Mohammed Shami,MK Pandey,16.66666667
MM Sharma,MK Pandey,71
Washington Sundar,MK Pandey,0
RR Pant,MK Pandey,0
DS Kulkarni,MK Pandey,10.25
HH Pandya,MK Pandey,39.61538462
Harbhajan Singh,MK Pandey,71
DL Chahar,MK Pandey,0
KK Ahmed,MK Pandey,0
Shubman Gill,MK Pandey,0
MS Dhoni,MK Pandey,39.9047619
AT Rayudu,MK Pandey,35.66666667
FY Fazal,MK Pandey,55
V Shankar,MK Pandey,0
I Sharma,MK Pandey,55
RA Jadeja,MK Pandey,34.16666667
AR Patel,MK Pandey,27.41666667
S Dube,MK Pandey,0
KM Jadhav,Mohammed Siraj,0
UT Yadav,Mohammed Siraj,0
Kuldeep Yadav,Mohammed Siraj,0
RG Sharma,Mohammed Siraj,43
STR Binny,Mohammed Siraj,0
BB Sran,Mohammed Siraj,0
SN Thakur,Mohammed Siraj,0
S Kaul,Mohammed Siraj,0
NA Saini,Mohammed Siraj,0
KL Rahul,Mohammed Siraj,0
PP Shaw,Mohammed Siraj,0
A Mishra,Mohammed Siraj,0
R Dhawan,Mohammed Siraj,0
KD Karthik,Mohammed Siraj,25
JJ Bumrah,Mohammed Siraj,0
Mohammed Shami,Mohammed Siraj,0
MM Sharma,Mohammed Siraj,0
Washington Sundar,Mohammed Siraj,0
RR Pant,Mohammed Siraj,0
DS Kulkarni,Mohammed Siraj,0
HH Pandya,Mohammed Siraj,0
Harbhajan Singh,Mohammed Siraj,0
DL Chahar,Mohammed Siraj,0
KK Ahmed,Mohammed Siraj,0
Shubman Gill,Mohammed Siraj,0
MS Dhoni,Mohammed Siraj,55
AT Rayudu,Mohammed Siraj,24
FY Fazal,Mohammed Siraj,0
V Shankar,Mohammed Siraj,0
I Sharma,Mohammed Siraj,0
RA Jadeja,Mohammed Siraj,0
AR Patel,Mohammed Siraj,0
S Dube,Mohammed Siraj,0
UT Yadav,KM Jadhav,30.15384615
Kuldeep Yadav,KM Jadhav,17.33333333
RG Sharma,KM Jadhav,68.32075472
STR Binny,KM Jadhav,82
KM Jadhav,BB Sran,0
SN Thakur,KM Jadhav,31.6
S Kaul,KM Jadhav,0
NA Saini,KM Jadhav,31.5
KL Rahul,KM Jadhav,54.23809524
PP Shaw,KM Jadhav,39.5
A Mishra,KM Jadhav,21
R Dhawan,KM Jadhav,0
KD Karthik,KM Jadhav,32.41666667
JJ Bumrah,KM Jadhav,18.0625
Mohammed Shami,KM Jadhav,27.52380952
MM Sharma,KM Jadhav,105
Washington Sundar,KM Jadhav,0
RR Pant,KM Jadhav,48.375
DS Kulkarni,KM Jadhav,7.666666667
HH Pandya,KM Jadhav,37.375
Harbhajan Singh,KM Jadhav,43.66666667
DL Chahar,KM Jadhav,31
KK Ahmed,KM Jadhav,11.4
Shubman Gill,KM Jadhav,25.5
MS Dhoni,KM Jadhav,43.90740741
AT Rayudu,KM Jadhav,46.52631579
FY Fazal,KM Jadhav,55
V Shankar,KM Jadhav,48.33333333
I Sharma,KM Jadhav,0
RA Jadeja,KM Jadhav,34.96296296
AR Patel,KM Jadhav,22.22222222
KM Jadhav,S Dube,49
Kuldeep Yadav,UT Yadav,1.666666667
RG Sharma,UT Yadav,64.03571429
STR Binny,UT Yadav,21
UT Yadav,BB Sran,0
SN Thakur,UT Yadav,0
S Kaul,UT Yadav,0.5
NA Saini,UT Yadav,0
KL Rahul,UT Yadav,5.666666667
PP Shaw,UT Yadav,0
A Mishra,UT Yadav,6.666666667
R Dhawan,UT Yadav,4.666666667
KD Karthik,UT Yadav,26
JJ Bumrah,UT Yadav,2.25
Mohammed Shami,UT Yadav,1.538461538
MM Sharma,UT Yadav,1.888888889
Washington Sundar,UT Yadav,0
RR Pant,UT Yadav,0
DS Kulkarni,UT Yadav,16
HH Pandya,UT Yadav,16.21428571
Harbhajan Singh,UT Yadav,26
DL Chahar,UT Yadav,0
KK Ahmed,UT Yadav,0
Shubman Gill,UT Yadav,0
MS Dhoni,UT Yadav,31.29411765
AT Rayudu,UT Yadav,29.66666667
FY Fazal,UT Yadav,0
V Shankar,UT Yadav,0
I Sharma,UT Yadav,0.5
RA Jadeja,UT Yadav,8.526315789
AR Patel,UT Yadav,13.8
UT Yadav,S Dube,0
Kuldeep Yadav,RG Sharma,57.46
Kuldeep Yadav,STR Binny,0
Kuldeep Yadav,BB Sran,0
Kuldeep Yadav,SN Thakur,8.625
Kuldeep Yadav,S Kaul,4.5
Kuldeep Yadav,NA Saini,0
KL Rahul,Kuldeep Yadav,42.83333333
Kuldeep Yadav,PP Shaw,20
Kuldeep Yadav,A Mishra,0
Kuldeep Yadav,R Dhawan,0
KD Karthik,Kuldeep Yadav,21.6
JJ Bumrah,Kuldeep Yadav,2.605263158
Kuldeep Yadav,Mohammed Shami,3.363636364
Kuldeep Yadav,MM Sharma,0
Kuldeep Yadav,Washington Sundar,0
Kuldeep Yadav,RR Pant,31.8
Kuldeep Yadav,DS Kulkarni,0
Kuldeep Yadav,HH Pandya,18.5483871
Kuldeep Yadav,Harbhajan Singh,0
Kuldeep Yadav,DL Chahar,3
Kuldeep Yadav,KK Ahmed,6.833333333
Kuldeep Yadav,Shubman Gill,24
Kuldeep Yadav,MS Dhoni,25.90697674
Kuldeep Yadav,AT Rayudu,24.25
Kuldeep Yadav,FY Fazal,0
Kuldeep Yadav,V Shankar,20.1
Kuldeep Yadav,I Sharma,0
Kuldeep Yadav,RA Jadeja,11.95454545
Kuldeep Yadav,AR Patel,0
Kuldeep Yadav,S Dube,9
STR Binny,RG Sharma,99
RG Sharma,BB Sran,100.3333333
RG Sharma,SN Thakur,60.14285714
S Kaul,RG Sharma,76.5
RG Sharma,NA Saini,74.66666667
KL Rahul,RG Sharma,107.5
RG Sharma,PP Shaw,0
RG Sharma,A Mishra,43.77777778
R Dhawan,RG Sharma,52.66666667
KD Karthik,RG Sharma,76.78947368
JJ Bumrah,RG Sharma,57.74545455
Mohammed Shami,RG Sharma,54.87878788
RG Sharma,MM Sharma,37.66666667
Washington Sundar,RG Sharma,208
RG Sharma,RR Pant,91
RG Sharma,DS Kulkarni,22.33333333
RG Sharma,HH Pandya,70.5
RG Sharma,Harbhajan Singh,36.75
RG Sharma,DL Chahar,100.5
RG Sharma,KK Ahmed,70.125
RG Sharma,Shubman Gill,12.5
RG Sharma,MS Dhoni,82.74390244
RG Sharma,AT Rayudu,79.85
RG Sharma,FY Fazal,0
RG Sharma,V Shankar,57.75
RG Sharma,I Sharma,67.5
RA Jadeja,RG Sharma,71.47619048
RG Sharma,AR Patel,58.1
RG Sharma,S Dube,45
STR Binny,BB Sran,0
STR Binny,SN Thakur,0
S Kaul,STR Binny,0
STR Binny,NA Saini,0
KL Rahul,STR Binny,0
STR Binny,PP Shaw,0
STR Binny,A Mishra,2
R Dhawan,STR Binny,0
KD Karthik,STR Binny,0
JJ Bumrah,STR Binny,0
Mohammed Shami,STR Binny,38.5
STR Binny,MM Sharma,16
Washington Sundar,STR Binny,0
STR Binny,RR Pant,0
STR Binny,DS Kulkarni,39.66666667
STR Binny,HH Pandya,0
STR Binny,Harbhajan Singh,41.66666667
STR Binny,DL Chahar,0
STR Binny,KK Ahmed,0
STR Binny,Shubman Gill,0
STR Binny,MS Dhoni,55.25
STR Binny,AT Rayudu,82.8
STR Binny,FY Fazal,0
STR Binny,V Shankar,0
STR Binny,I Sharma,0
RA Jadeja,STR Binny,12
STR Binny,AR Patel,33.66666667
STR Binny,S Dube,0
SN Thakur,BB Sran,0
S Kaul,BB Sran,0
NA Saini,BB Sran,0
KL Rahul,BB Sran,65.33333333
PP Shaw,BB Sran,0
A Mishra,BB Sran,0
R Dhawan,BB Sran,3
KD Karthik,BB Sran,0
JJ Bumrah,BB Sran,0
Mohammed Shami,BB Sran,0
MM Sharma,BB Sran,0
Washington Sundar,BB Sran,0
RR Pant,BB Sran,0
DS Kulkarni,BB Sran,0
HH Pandya,BB Sran,0
Harbhajan Singh,BB Sran,0
DL Chahar,BB Sran,0
KK Ahmed,BB Sran,0
Shubman Gill,BB Sran,0
MS Dhoni,BB Sran,8.666666667
AT Rayudu,BB Sran,34.33333333
FY Fazal,BB Sran,55
V Shankar,BB Sran,0
I Sharma,BB Sran,0
RA Jadeja,BB Sran,7
AR Patel,BB Sran,0
S Dube,BB Sran,0
S Kaul,SN Thakur,0
SN Thakur,NA Saini,31.66666667
KL Rahul,SN Thakur,70.28571429
SN Thakur,PP Shaw,36.33333333
SN Thakur,A Mishra,0
R Dhawan,SN Thakur,0
KD Karthik,SN Thakur,43
JJ Bumrah,SN Thakur,5.428571429
Mohammed Shami,SN Thakur,10
MM Sharma,SN Thakur,0
Washington Sundar,SN Thakur,0
RR Pant,SN Thakur,34.66666667
DS Kulkarni,SN Thakur,0
SN Thakur,HH Pandya,20.66666667
SN Thakur,Harbhajan Singh,0
SN Thakur,DL Chahar,0
SN Thakur,KK Ahmed,0
SN Thakur,Shubman Gill,0
SN Thakur,MS Dhoni,28.5
AT Rayudu,SN Thakur,0
SN Thakur,FY Fazal,0
SN Thakur,V Shankar,0
SN Thakur,I Sharma,0
RA Jadeja,SN Thakur,30.33333333
SN Thakur,AR Patel,0
SN Thakur,S Dube,0
S Kaul,NA Saini,0
KL Rahul,S Kaul,5
S Kaul,PP Shaw,0
S Kaul,A Mishra,0
R Dhawan,S Kaul,0
KD Karthik,S Kaul,0
JJ Bumrah,S Kaul,0
Mohammed Shami,S Kaul,0
S Kaul,MM Sharma,0
Washington Sundar,S Kaul,0
S Kaul,RR Pant,0
S Kaul,DS Kulkarni,0
S Kaul,HH Pandya,11
S Kaul,Harbhajan Singh,0
S Kaul,DL Chahar,0
S Kaul,KK Ahmed,0
S Kaul,Shubman Gill,0
S Kaul,MS Dhoni,19
S Kaul,AT Rayudu,0
S Kaul,FY Fazal,0
S Kaul,V Shankar,0
S Kaul,I Sharma,0
RA Jadeja,S Kaul,0
S Kaul,AR Patel,0
S Kaul,S Dube,0
KL Rahul,NA Saini,69
PP Shaw,NA Saini,58.5
A Mishra,NA Saini,0
R Dhawan,NA Saini,0
KD Karthik,NA Saini,0
JJ Bumrah,NA Saini,13.25
Mohammed Shami,NA Saini,0.333333333
MM Sharma,NA Saini,0
Washington Sundar,NA Saini,0
RR Pant,NA Saini,7
DS Kulkarni,NA Saini,0
HH Pandya,NA Saini,0
Harbhajan Singh,NA Saini,0
NA Saini,DL Chahar,0
KK Ahmed,NA Saini,0
Shubman Gill,NA Saini,0
MS Dhoni,NA Saini,0
AT Rayudu,NA Saini,0
NA Saini,FY Fazal,0
NA Saini,V Shankar,0
NA Saini,I Sharma,0
RA Jadeja,NA Saini,35
NA Saini,AR Patel,0
NA Saini,S Dube,0
KL Rahul,PP Shaw,96
KL Rahul,A Mishra,0
KL Rahul,R Dhawan,0
KD Karthik,KL Rahul,67.66666667
KL Rahul,JJ Bumrah,38.15384615
KL Rahul,Mohammed Shami,53.36363636
KL Rahul,MM Sharma,0
KL Rahul,Washington Sundar,0
KL Rahul,RR Pant,82.66666667
KL Rahul,DS Kulkarni,65.33333333
KL Rahul,HH Pandya,44.61111111
KL Rahul,Harbhajan Singh,0
KL Rahul,DL Chahar,57
KL Rahul,KK Ahmed,0
KL Rahul,Shubman Gill,0
KL Rahul,MS Dhoni,59.71428571
KL Rahul,AT Rayudu,99.66666667
KL Rahul,FY Fazal,118
KL Rahul,V Shankar,61.25
KL Rahul,I Sharma,0
KL Rahul,RA Jadeja,68.21428571
KL Rahul,AR Patel,32.85714286
KL Rahul,S Dube,15
A Mishra,PP Shaw,0
R Dhawan,PP Shaw,0
KD Karthik,PP Shaw,0
JJ Bumrah,PP Shaw,28
Mohammed Shami,PP Shaw,20
MM Sharma,PP Shaw,0
Washington Sundar,PP Shaw,0
RR Pant,PP Shaw,0
DS Kulkarni,PP Shaw,0
HH Pandya,PP Shaw,0
Harbhajan Singh,PP Shaw,0
PP Shaw,DL Chahar,0
KK Ahmed,PP Shaw,0
Shubman Gill,PP Shaw,0
MS Dhoni,PP Shaw,0
AT Rayudu,PP Shaw,0
PP Shaw,FY Fazal,0
PP Shaw,V Shankar,0
PP Shaw,I Sharma,0
RA Jadeja,PP Shaw,49
PP Shaw,AR Patel,0
PP Shaw,S Dube,0
R Dhawan,A Mishra,0
KD Karthik,A Mishra,0
JJ Bumrah,A Mishra,0.25
Mohammed Shami,A Mishra,0
MM Sharma,A Mishra,1.333333333
Washington Sundar,A Mishra,0
RR Pant,A Mishra,0
DS Kulkarni,A Mishra,39
HH Pandya,A Mishra,15
Harbhajan Singh,A Mishra,8
A Mishra,DL Chahar,0
KK Ahmed,A Mishra,0
Shubman Gill,A Mishra,0
MS Dhoni,A Mishra,36.77777778
AT Rayudu,A Mishra,0
A Mishra,FY Fazal,0
A Mishra,V Shankar,0
A Mishra,I Sharma,0
RA Jadeja,A Mishra,0
A Mishra,AR Patel,15.25
A Mishra,S Dube,0
KD Karthik,R Dhawan,0
JJ Bumrah,R Dhawan,0
Mohammed Shami,R Dhawan,0
R Dhawan,MM Sharma,0
Washington Sundar,R Dhawan,0
R Dhawan,RR Pant,0
R Dhawan,DS Kulkarni,0
R Dhawan,HH Pandya,0
R Dhawan,Harbhajan Singh,0
R Dhawan,DL Chahar,0
R Dhawan,KK Ahmed,0
R Dhawan,Shubman Gill,0
R Dhawan,MS Dhoni,23
R Dhawan,AT Rayudu,0
R Dhawan,FY Fazal,0
R Dhawan,V Shankar,0
R Dhawan,I Sharma,4
RA Jadeja,R Dhawan,14
R Dhawan,AR Patel,0
R Dhawan,S Dube,0
KD Karthik,JJ Bumrah,16.46153846
KD Karthik,Mohammed Shami,19.71428571
KD Karthik,MM Sharma,0
KD Karthik,Washington Sundar,0
KD Karthik,RR Pant,32.66666667
KD Karthik,DS Kulkarni,0
KD Karthik,HH Pandya,30.33333333
KD Karthik,Harbhajan Singh,0
KD Karthik,DL Chahar,0
KD Karthik,KK Ahmed,8.5
KD Karthik,Shubman Gill,9
KD Karthik,MS Dhoni,47.73684211
KD Karthik,AT Rayudu,33.25
KD Karthik,FY Fazal,0
KD Karthik,V Shankar,0
KD Karthik,I Sharma,0
KD Karthik,RA Jadeja,25.2
KD Karthik,AR Patel,34
KD Karthik,S Dube,0
JJ Bumrah,Mohammed Shami,2.333333333
JJ Bumrah,MM Sharma,0
JJ Bumrah,Washington Sundar,0
JJ Bumrah,RR Pant,28.375
JJ Bumrah,DS Kulkarni,0
JJ Bumrah,HH Pandya,19.31707317
JJ Bumrah,Harbhajan Singh,0
JJ Bumrah,DL Chahar,0
JJ Bumrah,KK Ahmed,1
JJ Bumrah,Shubman Gill,0
JJ Bumrah,MS Dhoni,24.53571429
JJ Bumrah,AT Rayudu,24.30769231
JJ Bumrah,FY Fazal,55
JJ Bumrah,V Shankar,23.25
JJ Bumrah,I Sharma,0
JJ Bumrah,RA Jadeja,12.15384615
JJ Bumrah,AR Patel,3.357142857
JJ Bumrah,S Dube,0
Mohammed Shami,MM Sharma,5
Washington Sundar,Mohammed Shami,0
Mohammed Shami,RR Pant,27.8
Mohammed Shami,DS Kulkarni,0
Mohammed Shami,HH Pandya,23.77777778
Mohammed Shami,Harbhajan Singh,0
Mohammed Shami,DL Chahar,3
Mohammed Shami,KK Ahmed,1
Mohammed Shami,Shubman Gill,8
Mohammed Shami,MS Dhoni,34.03703704
Mohammed Shami,AT Rayudu,28.5
Mohammed Shami,FY Fazal,0
Mohammed Shami,V Shankar,19.7
Mohammed Shami,I Sharma,0
RA Jadeja,Mohammed Shami,11.44444444
Mohammed Shami,AR Patel,10
Mohammed Shami,S Dube,9
Washington Sundar,MM Sharma,0
RR Pant,MM Sharma,0
DS Kulkarni,MM Sharma,0
MM Sharma,HH Pandya,0
MM Sharma,Harbhajan Singh,8.4
MM Sharma,DL Chahar,0
MM Sharma,KK Ahmed,0
MM Sharma,Shubman Gill,0
MM Sharma,MS Dhoni,35.23076923
AT Rayudu,MM Sharma,19
MM Sharma,FY Fazal,0
MM Sharma,V Shankar,0
MM Sharma,I Sharma,0
RA Jadeja,MM Sharma,12.44444444
MM Sharma,AR Patel,7.5
MM Sharma,S Dube,0
Washington Sundar,RR Pant,0
Washington Sundar,DS Kulkarni,0
Washington Sundar,HH Pandya,8
Washington Sundar,Harbhajan Singh,0
Washington Sundar,DL Chahar,0
Washington Sundar,KK Ahmed,0
Washington Sundar,Shubman Gill,0
Washington Sundar,MS Dhoni,7
Washington Sundar,AT Rayudu,0
Washington Sundar,FY Fazal,0
Washington Sundar,V Shankar,0
Washington Sundar,I Sharma,0
Washington Sundar,RA Jadeja,0
Washington Sundar,AR Patel,0
Washington Sundar,S Dube,0
RR Pant,DS Kulkarni,0
RR Pant,HH Pandya,50
RR Pant,Harbhajan Singh,0
RR Pant,DL Chahar,58
RR Pant,KK Ahmed,11.75
RR Pant,Shubman Gill,0
RR Pant,MS Dhoni,45.66666667
RR Pant,AT Rayudu,34
RR Pant,FY Fazal,0
RR Pant,V Shankar,47
RR Pant,I Sharma,0
RA Jadeja,RR Pant,39.5
RR Pant,AR Patel,0
RR Pant,S Dube,80
DS Kulkarni,HH Pandya,34
DS Kulkarni,Harbhajan Singh,2.5
DS Kulkarni,DL Chahar,0
DS Kulkarni,KK Ahmed,0
DS Kulkarni,Shubman Gill,0
DS Kulkarni,MS Dhoni,25.66666667
AT Rayudu,DS Kulkarni,44.85714286
DS Kulkarni,FY Fazal,55
DS Kulkarni,V Shankar,0
DS Kulkarni,I Sharma,0
RA Jadeja,DS Kulkarni,21
DS Kulkarni,AR Patel,9.75
DS Kulkarni,S Dube,0
Harbhajan Singh,HH Pandya,0
HH Pandya,DL Chahar,0
KK Ahmed,HH Pandya,21
Shubman Gill,HH Pandya,38.5
MS Dhoni,HH Pandya,44.94117647
AT Rayudu,HH Pandya,55.5
HH Pandya,FY Fazal,0
HH Pandya,V Shankar,56.75
HH Pandya,I Sharma,0
RA Jadeja,HH Pandya,35.08333333
HH Pandya,AR Patel,17.41666667
HH Pandya,S Dube,0
Harbhajan Singh,DL Chahar,0
KK Ahmed,Harbhajan Singh,0
Shubman Gill,Harbhajan Singh,0
MS Dhoni,Harbhajan Singh,55.75
AT Rayudu,Harbhajan Singh,85
Harbhajan Singh,FY Fazal,0
Harbhajan Singh,V Shankar,0
Harbhajan Singh,I Sharma,0
RA Jadeja,Harbhajan Singh,0
Harbhajan Singh,AR Patel,12.42857143
Harbhajan Singh,S Dube,0
KK Ahmed,DL Chahar,0
Shubman Gill,DL Chahar,0
MS Dhoni,DL Chahar,0
AT Rayudu,DL Chahar,0
DL Chahar,FY Fazal,0
DL Chahar,V Shankar,0
DL Chahar,I Sharma,0
RA Jadeja,DL Chahar,13.5
DL Chahar,AR Patel,0
DL Chahar,S Dube,15
Shubman Gill,KK Ahmed,14
MS Dhoni,KK Ahmed,16.8
AT Rayudu,KK Ahmed,25.33333333
KK Ahmed,FY Fazal,0
KK Ahmed,V Shankar,0
KK Ahmed,I Sharma,0
RA Jadeja,KK Ahmed,5.166666667
KK Ahmed,AR Patel,0
KK Ahmed,S Dube,0
MS Dhoni,Shubman Gill,8
AT Rayudu,Shubman Gill,53
Shubman Gill,FY Fazal,0
Shubman Gill,V Shankar,52
Shubman Gill,I Sharma,0
RA Jadeja,Shubman Gill,0
Shubman Gill,AR Patel,0
Shubman Gill,S Dube,0
AT Rayudu,MS Dhoni,47.69565217
MS Dhoni,FY Fazal,55
MS Dhoni,V Shankar,48.7
MS Dhoni,I Sharma,17
RA Jadeja,MS Dhoni,37.97435897
MS Dhoni,AR Patel,36.56
MS Dhoni,S Dube,0
AT Rayudu,FY Fazal,55
AT Rayudu,V Shankar,51
AT Rayudu,I Sharma,0
RA Jadeja,AT Rayudu,25
AT Rayudu,AR Patel,40.11111111
AT Rayudu,S Dube,0
V Shankar,FY Fazal,0
I Sharma,FY Fazal,0
RA Jadeja,FY Fazal,0
AR Patel,FY Fazal,55
FY Fazal,S Dube,0
I Sharma,V Shankar,0
RA Jadeja,V Shankar,27.8
AR Patel,V Shankar,0
V Shankar,S Dube,0
RA Jadeja,I Sharma,8.75
AR Patel,I Sharma,0
I Sharma,S Dube,0
RA Jadeja,AR Patel,12.5
RA Jadeja,S Dube,30
AR Patel,S Dube,0
